app_id,title,date_release,win,mac,linux,rating,positive_ratio,user_reviews,price_final,price_original,discount,steam_deck
13500,Prince of Persia: Warrior Within™,21-11-2008,TRUE,FALSE,FALSE,Very Positive,84,2199,9.99,9.99,0,TRUE
22364,BRINK: Agents of Change,03-08-2011,TRUE,FALSE,FALSE,Positive,85,21,2.99,2.99,0,TRUE
113020,Monaco: What's Yours Is Mine,24-04-2013,TRUE,TRUE,TRUE,Very Positive,92,3722,14.99,14.99,0,TRUE
226560,Escape Dead Island,18-11-2014,TRUE,FALSE,FALSE,Mixed,61,873,14.99,14.99,0,TRUE
249050,Dungeon of the ENDLESS™,27-10-2014,TRUE,TRUE,FALSE,Very Positive,88,8784,11.99,11.99,0,TRUE
250180,METAL SLUG 3,14-09-2015,TRUE,FALSE,FALSE,Very Positive,90,5579,7.99,7.99,0,TRUE
253980,Enclave,04-10-2013,TRUE,TRUE,TRUE,Mostly Positive,75,1608,4.99,4.99,0,TRUE
271850,Men of War: Assault Squad 2 - Deluxe Edition upgrade,16-05-2014,TRUE,FALSE,FALSE,Mixed,61,199,6.99,6.99,0,TRUE
282900,Hyperdimension Neptunia Re;Birth1,29-01-2015,TRUE,FALSE,FALSE,Very Positive,94,9686,14.99,14.99,0,TRUE
19810,The Sum of All Fears,10-10-2008,TRUE,FALSE,FALSE,Mostly Positive,75,33,9.99,9.99,0,TRUE
15270,Cold Fear™,13-05-2008,TRUE,FALSE,FALSE,Very Positive,85,800,9.99,9.99,0,TRUE
21130,LEGO® Harry Potter: Years 1-4,25-06-2010,TRUE,FALSE,FALSE,Very Positive,85,5169,19.99,19.99,0,TRUE
22130,Hearts of Iron 2 Complete,23-01-2009,TRUE,FALSE,FALSE,Very Positive,85,462,14.99,14.99,0,TRUE
29180,Osmos,18-08-2009,TRUE,TRUE,TRUE,Very Positive,88,532,9.99,9.99,0,TRUE
32750,Comanche 4,18-06-2009,TRUE,FALSE,FALSE,Very Positive,90,222,9.99,9.99,0,TRUE
241620,Inquisitor,01-08-2013,TRUE,FALSE,FALSE,Mostly Positive,70,390,9.99,9.99,0,TRUE
408520,FORM,01-06-2017,TRUE,FALSE,FALSE,Very Positive,91,934,14.99,14.99,0,TRUE
244910,Homesick,28-05-2015,TRUE,FALSE,FALSE,Mostly Positive,77,1139,14.99,14.99,0,TRUE
245950,Borderlands 2: Headhunter 4: Wedding Day Massacre,11-02-2014,TRUE,TRUE,TRUE,Very Positive,84,294,0.89,2.99,70,TRUE
250460,Bridge Constructor,16-10-2013,TRUE,TRUE,TRUE,Mostly Positive,77,716,2.39,19.99,88,TRUE
278890,Angvik,24-02-2014,TRUE,TRUE,FALSE,Very Positive,88,1986,2.99,2.99,0,TRUE
305181,Sniper Elite 3 - Camouflage Weapons Pack,27-06-2014,TRUE,FALSE,FALSE,Very Positive,95,74,3.99,3.99,0,TRUE
312200,Chasm,30-07-2018,TRUE,TRUE,TRUE,Mostly Positive,73,1065,19.99,19.99,0,TRUE
321290,Dandelion - Wishes brought to you -,29-09-2014,TRUE,TRUE,FALSE,Very Positive,85,589,29.99,29.99,0,TRUE
329640,Eradicator,06-11-2014,TRUE,TRUE,TRUE,Very Positive,88,60,6.99,6.99,0,TRUE
367670,Controller Companion,04-05-2015,TRUE,FALSE,FALSE,Very Positive,90,2323,2.99,2.99,0,TRUE
380810,Herald: An Interactive Period Drama - Book I & II,22-02-2017,TRUE,TRUE,TRUE,Very Positive,89,97,9.99,9.99,0,TRUE
392330,Take Command - 2nd Manassas,28-10-2016,TRUE,FALSE,FALSE,Very Positive,93,62,9.99,9.99,0,TRUE
437000,GUILTY GEAR 2 -OVERTURE-,31-03-2016,TRUE,FALSE,FALSE,Mostly Positive,71,214,19.99,19.99,0,TRUE
445420,Aselia the Eternal -The Spirit of Eternity Sword-,29-04-2016,TRUE,FALSE,FALSE,Very Positive,82,63,14.99,14.99,0,TRUE
458790,The House in Fata Morgana Original Soundtrack,13-05-2016,FALSE,FALSE,FALSE,Positive,100,32,11.99,11.99,0,TRUE
462280,Offworld Trading Company - Soundtrack DLC,28-04-2016,TRUE,TRUE,FALSE,Positive,80,10,9.99,9.99,0,TRUE
1872790,Luckitown,19-01-2022,TRUE,TRUE,FALSE,Very Positive,86,163,4.99,4.99,0,TRUE
371970,Barony,23-06-2015,TRUE,TRUE,TRUE,Very Positive,92,3713,20,0,0,TRUE
222660,Retro/Grade,20-03-2013,TRUE,FALSE,FALSE,Very Positive,85,207,9.99,9.99,0,TRUE
237850,Dreamfall Chapters,21-07-2017,TRUE,TRUE,TRUE,Very Positive,82,2976,24.99,24.99,0,TRUE
268220,Meltdown,05-06-2014,TRUE,TRUE,TRUE,Very Positive,86,493,6.99,6.99,0,TRUE
274270,NOT A HERO,08-07-2016,TRUE,TRUE,TRUE,Very Positive,86,1563,19.99,19.99,0,TRUE
281450,Disciples Sacred Lands Gold,07-10-2014,TRUE,FALSE,FALSE,Very Positive,85,270,7.99,7.99,0,TRUE
1259750,Tropico 6 - Spitter,23-04-2020,TRUE,TRUE,TRUE,Mixed,58,36,9.99,9.99,0,TRUE
296870,Dreaming Sarah,12-03-2015,TRUE,FALSE,TRUE,Very Positive,92,2010,5.99,5.99,0,TRUE
330180,Pix the Cat,29-01-2015,TRUE,TRUE,TRUE,Very Positive,87,170,4.99,4.99,0,TRUE
351920,Crazy Machines 3,18-10-2016,TRUE,FALSE,FALSE,Very Positive,94,6817,9.99,9.99,0,TRUE
397210,Kanji Training Game,23-09-2015,TRUE,FALSE,FALSE,Mostly Positive,75,72,4.99,4.99,0,TRUE
402130,FlatOut 4: Total Insanity,04-04-2017,TRUE,FALSE,FALSE,Mixed,52,1489,29.99,29.99,0,TRUE
402710,Osiris: New Dawn,18-01-2023,TRUE,FALSE,FALSE,Mixed,57,12322,19.99,19.99,0,TRUE
410970,Master of Orion 1,25-08-2016,TRUE,TRUE,TRUE,Very Positive,90,279,0.89,5.99,85,TRUE
415200,Motorsport Manager,09-11-2016,TRUE,TRUE,TRUE,Very Positive,91,9753,19.99,19.99,0,TRUE
410770,Roads of Rome,16-10-2015,TRUE,FALSE,FALSE,Very Positive,85,61,3.99,3.99,0,TRUE
254820,Ground Control Anthology,08-07-2015,TRUE,FALSE,FALSE,Very Positive,87,141,4.99,4.99,0,TRUE
284180,Magicians & Looters,01-07-2014,TRUE,FALSE,FALSE,Very Positive,86,74,6.99,6.99,0,TRUE
286380,Strata,29-05-2014,TRUE,TRUE,TRUE,Very Positive,92,131,7.99,7.99,0,TRUE
288220,Backstage Pass,22-08-2016,TRUE,TRUE,TRUE,Very Positive,90,209,29.99,29.99,0,TRUE
302690,Metal Dead,06-10-2014,TRUE,FALSE,FALSE,Very Positive,83,378,4.99,4.99,0,TRUE
320388,Raid Mode: Album Storage C,24-02-2015,TRUE,FALSE,FALSE,Mostly Positive,70,17,1.99,1.99,0,TRUE
339350,Choice of Robots,19-12-2014,TRUE,TRUE,TRUE,Overwhelmingly Positive,96,1834,6.99,6.99,0,TRUE
342310,RIOT: Civil Unrest,12-02-2019,TRUE,TRUE,TRUE,Mixed,68,1280,5.09,16.99,70,TRUE
346500,Road Scars: Origins,03-04-2018,TRUE,FALSE,FALSE,Mostly Positive,71,194,0.99,0.99,0,TRUE
393831,Magicka 2: Three Cardinals Robe Pack,15-09-2015,TRUE,TRUE,TRUE,Positive,90,11,4.99,4.99,0,TRUE
414870,Super Mega Baseball 2,30-04-2018,TRUE,FALSE,FALSE,Very Positive,88,988,19.99,19.99,0,TRUE
419990,Ganbare! Super Strikers,26-07-2018,TRUE,TRUE,TRUE,Very Positive,84,57,9.99,9.99,0,TRUE
434041,Mordheim: City of the Damned - The Smuggler,04-02-2016,TRUE,FALSE,FALSE,Positive,96,25,1.99,1.99,0,TRUE
446600,Magi Trials,17-11-2016,TRUE,FALSE,FALSE,Very Positive,82,91,12.99,12.99,0,TRUE
451640,C14 Dating,22-04-2016,TRUE,TRUE,TRUE,Positive,89,49,19.99,19.99,0,TRUE
479010,Kodon,03-06-2016,TRUE,FALSE,FALSE,Mostly Positive,70,245,59.99,59.99,0,TRUE
494150,The Thrill of the Fight - VR Boxing,24-10-2019,TRUE,FALSE,FALSE,Overwhelmingly Positive,95,3278,9.99,9.99,0,TRUE
1198740,Colony Siege,07-09-2020,TRUE,FALSE,FALSE,Very Positive,90,155,6.99,6.99,0,TRUE
35000,Mini Ninjas,08-09-2009,TRUE,FALSE,FALSE,Very Positive,90,2895,9.99,9.99,0,TRUE
37400,Time Gentlemen Please! and Ben There Dan That! Special Edition  Double Pack,25-08-2009,TRUE,FALSE,FALSE,Very Positive,86,445,4.99,4.99,0,TRUE
39690,ArcaniA,15-10-2010,TRUE,FALSE,FALSE,Mixed,56,1720,19.99,19.99,0,TRUE
65400,Archon Classic,02-11-2010,TRUE,FALSE,FALSE,Very Positive,88,124,9.99,9.99,0,TRUE
208805,Tomb Raider: Pistol Silencer,26-03-2013,TRUE,TRUE,TRUE,Mostly Positive,70,57,0.99,0.99,0,TRUE
222420,THE KING OF FIGHTERS '98 ULTIMATE MATCH FINAL EDITION,16-12-2014,TRUE,FALSE,FALSE,Very Positive,89,1901,14.99,14.99,0,TRUE
274480,Drox Operative,18-02-2014,TRUE,TRUE,TRUE,Very Positive,88,263,19.99,19.99,0,TRUE
314000,Pool Nation FX Lite,07-12-2015,TRUE,FALSE,FALSE,Mostly Positive,70,1757,9.99,0,0,TRUE
326410,Windward,12-05-2015,TRUE,TRUE,TRUE,Very Positive,80,2534,9.99,9.99,0,TRUE
355920,Pixel Puzzles 2: Space,19-02-2016,TRUE,FALSE,FALSE,Very Positive,93,58,4.99,4.99,0,TRUE
406600,METAL GEAR SOLID V: THE PHANTOM PAIN - Jumpsuit (EVA),20-10-2015,TRUE,FALSE,FALSE,Very Positive,86,123,0.99,0.99,0,TRUE
940980,Phantasmat: The Dread of Oakville Collector's Edition,12-10-2018,TRUE,FALSE,FALSE,Positive,91,12,9.99,9.99,0,TRUE
433550,DARQ: Complete Edition,15-08-2019,TRUE,FALSE,FALSE,Very Positive,93,3122,19.99,19.99,0,TRUE
436550,Homeworld: Deserts of Kharak - Soundtrack,20-01-2016,TRUE,TRUE,FALSE,Positive,86,23,7.99,7.99,0,TRUE
438450,3DF Zephyr Lite Steam Edition,02-02-2016,TRUE,FALSE,FALSE,Very Positive,96,58,199.99,199.99,0,TRUE
439500,LEGO® MARVEL's Avengers DLC - The Masters of Evil Pack,29-03-2016,TRUE,FALSE,FALSE,Positive,93,16,2.99,2.99,0,TRUE
910320,Three Kingdoms 2019 阿达三国志2019 横版,18-09-2018,TRUE,FALSE,FALSE,Mostly Positive,76,326,0,0,0,TRUE
284750,Enigmatis: The Ghosts of Maple Creek,16-10-2014,TRUE,TRUE,TRUE,Very Positive,84,1002,9.99,9.99,0,TRUE
298930,Darkness Within 1: In Pursuit of Loath Nolder,13-11-2014,TRUE,FALSE,FALSE,Mostly Positive,74,450,7.99,7.99,0,TRUE
302350,Tex Murphy: Under a Killing Moon,12-06-2014,TRUE,TRUE,TRUE,Very Positive,96,93,9.99,9.99,0,TRUE
308270,Buzz Aldrin's Space Program Manager,31-10-2014,TRUE,TRUE,FALSE,Mostly Positive,75,381,29.99,29.99,0,TRUE
317030,Fatty Bear's Birthday Surprise,23-10-2014,TRUE,TRUE,TRUE,Very Positive,91,85,6.99,6.99,0,TRUE
325990,Train Simulator: Semmeringbahn - Mürzzuschlag to Gloggnitz Route Add-On,11-12-2015,TRUE,FALSE,FALSE,Very Positive,87,110,19.99,19.99,0,TRUE
376980,Invisible Inc. Contingency Plan,12-11-2015,TRUE,TRUE,TRUE,Very Positive,91,85,4.99,4.99,0,TRUE
382400,Dungeons 2 - A Game of Winter,15-10-2015,TRUE,TRUE,TRUE,Mixed,62,105,7.99,7.99,0,TRUE
388290,Just Cause™ 3 - Combat Buggy,01-12-2015,TRUE,FALSE,FALSE,Mixed,47,115,1.99,1.99,0,TRUE
402260,Dead Secret,28-03-2016,TRUE,TRUE,FALSE,Very Positive,80,442,14.99,14.99,0,TRUE
429300,Sepia Tears,08-01-2016,TRUE,TRUE,TRUE,Very Positive,88,886,0,0,0,TRUE
435300,We Know the Devil,15-02-2016,TRUE,TRUE,FALSE,Very Positive,93,689,6.66,6.66,0,TRUE
450500,Ace of Seafood,08-04-2016,TRUE,FALSE,FALSE,Very Positive,90,434,11.99,11.99,0,TRUE
466546,The Phantom Limb Level Pack,15-11-2016,TRUE,FALSE,FALSE,Mixed,55,69,2.99,2.99,0,TRUE
558240,Euro Truck Simulator 2 - Dragon Truck Design Pack,01-02-2017,TRUE,TRUE,TRUE,Very Positive,89,85,1.99,1.99,0,TRUE
563190,de Blob 2,22-06-2017,TRUE,FALSE,FALSE,Very Positive,93,104,19.99,19.99,0,TRUE
574310,The Mooseman,17-02-2017,TRUE,TRUE,TRUE,Very Positive,90,829,6.99,6.99,0,TRUE
929103,ACE COMBAT™ 7: SKIES UNKNOWN - F-4E Phantom II + 3 Skins,04-03-2019,TRUE,FALSE,FALSE,Very Positive,92,64,2.99,2.99,0,TRUE
939060,Farm Together - Supporters Pack,11-10-2018,TRUE,TRUE,TRUE,Positive,90,44,1.99,1.99,0,TRUE
520720,Dear Esther: Landmark Edition,14-02-2017,TRUE,TRUE,FALSE,Mostly Positive,78,1591,9.99,9.99,0,TRUE
527420,Demon Hunter 3: Revelation,01-12-2016,TRUE,TRUE,TRUE,Very Positive,88,148,9.99,9.99,0,TRUE
529590,Please Don't Touch Anything 3D,07-12-2016,TRUE,TRUE,FALSE,Very Positive,85,828,9.99,9.99,0,TRUE
545600,Vigilantes,03-10-2018,TRUE,TRUE,TRUE,Very Positive,80,252,14.99,14.99,0,TRUE
555530,A-10C: Advanced Aircraft Training Qualification Campaign,23-02-2017,TRUE,FALSE,FALSE,Mostly Positive,70,10,9.99,9.99,0,TRUE
555580,The Legend of Dark Witch 2 （魔神少女エピソード２）,20-01-2017,TRUE,FALSE,FALSE,Very Positive,90,51,9.99,9.99,0,TRUE
610070,Rain World - Soundtrack,27-03-2017,FALSE,FALSE,FALSE,Positive,80,30,9.99,9.99,0,TRUE
657280,Rytmik Studio,15-11-2017,TRUE,TRUE,FALSE,Very Positive,87,237,29.99,29.99,0,TRUE
727980,Injustice™ 2 - Black Manta,14-11-2017,TRUE,FALSE,FALSE,Positive,82,23,2.39,5.99,60,TRUE
739210,My Coloring Book: Transport,21-11-2017,TRUE,TRUE,TRUE,Positive,94,36,0.99,0.99,0,TRUE
765410,Bean Battles,22-08-2018,TRUE,FALSE,FALSE,Very Positive,94,5671,0.49,0.99,50,TRUE
765770,Forest Legends: The Call of Love Collector's Edition,20-12-2017,TRUE,FALSE,FALSE,Positive,85,34,9.99,9.99,0,TRUE
769750,Gravel Ice and Fire,28-03-2018,TRUE,FALSE,FALSE,Positive,81,16,9.99,9.99,0,TRUE
829960,MechWarrior Online™ Solaris 7 Hero Pack,17-04-2018,TRUE,FALSE,FALSE,Very Positive,82,50,29.99,29.99,0,TRUE
864610,Magic Realm: Online,22-11-2019,TRUE,FALSE,FALSE,Mostly Positive,78,37,3.89,12.99,70,TRUE
884420,The Last Wizard,03-08-2018,TRUE,TRUE,TRUE,Positive,80,20,2.99,4.99,40,TRUE
412790,Adventure Time: Magic Man's Head Games,05-04-2016,TRUE,FALSE,FALSE,Mostly Positive,74,199,4.99,4.99,0,TRUE
367120,Seduce Me the Otome,04-06-2015,TRUE,TRUE,TRUE,Very Positive,86,2149,0,0,0,TRUE
395620,Ittle Dew 2+,15-11-2016,TRUE,TRUE,TRUE,Very Positive,89,273,14.99,14.99,0,TRUE
401628,Batman™: Arkham Knight - GCPD Lockdown,28-10-2015,TRUE,FALSE,FALSE,Mostly Positive,74,103,0.99,1.99,50,TRUE
457570,Camp Sunshine,27-10-2016,TRUE,TRUE,FALSE,Very Positive,91,220,6.99,6.99,0,TRUE
467760,Trapper's Delight,06-03-2018,TRUE,TRUE,FALSE,Very Positive,92,223,7.99,7.99,0,TRUE
480520,Street Fighter V - Capcom Pro Tour 2016 Pack,24-10-2017,TRUE,FALSE,FALSE,Positive,87,31,4.99,9.99,50,TRUE
522120,RWBY: Grimm Eclipse - JNPR,13-10-2016,TRUE,TRUE,FALSE,Very Positive,96,176,4.99,4.99,0,TRUE
358141,Halloween + Debut Costume Set,30-03-2015,TRUE,FALSE,FALSE,Positive,93,31,64.99,64.99,0,TRUE
542770,Castle Must Be Mine,13-07-2018,TRUE,FALSE,FALSE,Very Positive,90,227,15.99,15.99,0,TRUE
581270,Old Man's Journey,17-05-2017,TRUE,TRUE,FALSE,Very Positive,88,2026,3.99,7.99,50,TRUE
583270,Cosmic Express,16-03-2017,TRUE,TRUE,TRUE,Very Positive,94,321,9.99,9.99,0,TRUE
589530,Hakuoki: Kyoto Winds,24-08-2017,TRUE,FALSE,FALSE,Very Positive,92,1267,9.99,9.99,0,TRUE
620220,Catmaze,24-05-2018,TRUE,TRUE,TRUE,Very Positive,85,426,9.99,9.99,0,TRUE
622680,Mayhem in Single Valley,20-05-2021,TRUE,FALSE,FALSE,Very Positive,86,123,14.99,14.99,0,TRUE
640900,King Arthur's Gold: Flags of the World Heads Pack,13-06-2017,TRUE,FALSE,TRUE,Positive,95,21,1.99,1.99,0,TRUE
654220,Flash Point: Fire Rescue,29-03-2018,TRUE,TRUE,TRUE,Very Positive,80,119,19.99,19.99,0,TRUE
684450,Surviving the Aftermath,16-11-2021,TRUE,FALSE,FALSE,Mostly Positive,72,2395,29.99,29.99,0,TRUE
686710,Shantae: Friends to the End,12-12-2017,TRUE,FALSE,FALSE,Mixed,44,52,7.99,7.99,0,TRUE
696370,BROKE PROTOCOL: Online City RPG,26-08-2017,TRUE,FALSE,FALSE,Very Positive,81,1507,4.99,4.99,0,TRUE
416420,NARUTO SHIPPUDEN: Ultimate Ninja STORM 4 - Shikamaru's Tale Extra Scenario Pack,14-03-2016,TRUE,FALSE,FALSE,Very Positive,82,95,9.99,9.99,0,TRUE
460120,Megadimension Neptunia VII,05-07-2016,TRUE,FALSE,FALSE,Overwhelmingly Positive,95,2626,19.99,19.99,0,TRUE
460430,The Letter - Horror Visual Novel,24-07-2017,TRUE,TRUE,TRUE,Very Positive,88,1086,19.99,19.99,0,TRUE
491492,FSX Steam Edition: McDonnell Douglas A-4 Skyhawk™ Add-On,06-09-2016,TRUE,FALSE,FALSE,Positive,80,10,12.99,12.99,0,TRUE
498310,RPG in a Box,10-05-2022,TRUE,TRUE,FALSE,Very Positive,92,153,29.99,29.99,0,TRUE
537770,Gal*Gun: Double Peace - 'Pheromone Z' Item,20-10-2016,TRUE,FALSE,FALSE,Positive,91,12,89.99,89.99,0,TRUE
550400,Delicious - Emily's Hopes and Fears,02-01-2017,TRUE,TRUE,FALSE,Very Positive,93,64,12.99,12.99,0,TRUE
568040,Macbat 64,17-03-2017,TRUE,FALSE,FALSE,Very Positive,91,282,1.99,1.99,0,TRUE
584096,Little Nightmares The Hideaway DLC,09-11-2017,TRUE,FALSE,FALSE,Mostly Positive,76,309,3.99,3.99,0,TRUE
588730,Majotori,28-03-2017,TRUE,TRUE,TRUE,Overwhelmingly Positive,97,1352,5.99,5.99,0,TRUE
292050,Valkyrie Hat (or 'Buy Us Coffee') DLC for Secrets of Grindea,13-07-2015,TRUE,FALSE,FALSE,Positive,100,43,4.99,4.99,0,TRUE
623280,Dungeons & Dragons: Dark Alliance,21-06-2021,TRUE,FALSE,FALSE,Mixed,50,3654,29.99,29.99,0,TRUE
673130,AMID EVIL,20-06-2019,TRUE,FALSE,FALSE,Overwhelmingly Positive,95,4854,19.99,19.99,0,TRUE
699180,Human-powered spacecraft,03-05-2018,TRUE,FALSE,FALSE,Very Positive,92,550,0.99,0.99,0,TRUE
711681,Dungeons 3 - Lord of the Kings,20-04-2018,TRUE,TRUE,TRUE,Mostly Positive,73,53,4.99,4.99,0,TRUE
732400,PlataGO! Super Platform Game Maker,13-06-2019,TRUE,FALSE,FALSE,Mostly Positive,75,92,19.99,19.99,0,TRUE
755790,Ring of Elysium,24-06-2019,TRUE,FALSE,FALSE,Mostly Positive,74,100444,0,0,0,TRUE
758580,Grim Tales: The Wishes Collector's Edition,04-12-2017,TRUE,FALSE,FALSE,Mostly Positive,77,18,9.99,9.99,0,TRUE
758980,Poker Legends: Texas Hold'em Poker Tournaments,04-04-2018,TRUE,TRUE,FALSE,Mostly Positive,76,591,0,0,0,TRUE
316447,DW8XLCE - UNIQUE WEAPON PACK,06-08-2014,TRUE,FALSE,FALSE,Positive,93,15,4.99,4.99,0,TRUE
319017,Hyperdimension Neptunia Re;Birth1 Additional Content1,21-01-2015,TRUE,FALSE,FALSE,Positive,100,21,0.99,0.99,0,TRUE
528050,Tales of Berseria™ - Summer Holiday Costume Pack,31-01-2017,TRUE,FALSE,FALSE,Positive,92,41,11.99,11.99,0,TRUE
566530,Mass Exodus Redux,04-05-2017,TRUE,FALSE,FALSE,Mostly Positive,76,255,14.99,14.99,0,TRUE
567340,The Deal,17-02-2017,TRUE,FALSE,FALSE,Very Positive,88,54,0.59,5.99,90,TRUE
570770,古剑奇谭二(GuJian2),07-09-2017,TRUE,FALSE,FALSE,Mostly Positive,76,2276,15.99,15.99,0,TRUE
573320,Underhero,19-09-2018,TRUE,TRUE,TRUE,Very Positive,91,588,14.99,14.99,0,TRUE
580640,End State,01-12-2022,TRUE,FALSE,FALSE,Mostly Positive,72,80,19.99,19.99,0,TRUE
599610,Lost Words: Beyond the Page,06-04-2021,TRUE,FALSE,FALSE,Very Positive,95,382,14.99,14.99,0,TRUE
603330,Blasted Road Terror,18-04-2018,TRUE,FALSE,FALSE,Very Positive,84,71,8.99,8.99,0,TRUE
605990,Heart's Medicine - Hospital Heat,23-05-2017,TRUE,TRUE,FALSE,Very Positive,96,295,12.99,12.99,0,TRUE
358370,Terminal Velocity,05-05-2014,TRUE,TRUE,FALSE,Positive,90,43,6.99,6.99,0,TRUE
665270,弹幕音乐绘 ～风雷幻奏曲～ / Barrage Musical  ~A Fantasy of Tempest~,07-10-2017,TRUE,FALSE,FALSE,Very Positive,96,303,9.99,9.99,0,TRUE
672630,Academia : School Simulator,28-01-2021,TRUE,TRUE,FALSE,Very Positive,85,2170,19.99,19.99,0,TRUE
716710,東方憑依華　～ Antinomy of Common Flowers.,05-01-2018,TRUE,FALSE,FALSE,Very Positive,90,1662,24.99,24.99,0,TRUE
727910,Titanic: The Experience,30-10-2017,TRUE,FALSE,FALSE,Mixed,57,257,3.99,3.99,0,TRUE
728300,F-15C: The Georgian War Campaign,12-01-2018,TRUE,FALSE,FALSE,Positive,87,47,9.99,9.99,0,TRUE
734740,100% Orange Juice - Core Voice Pack 1,26-10-2017,TRUE,FALSE,FALSE,Very Positive,96,79,2.99,2.99,0,TRUE
746820,Tempest - Jade Sea,15-02-2018,TRUE,TRUE,FALSE,Mixed,61,34,4.99,4.99,0,TRUE
779280,The Disappearing of Gensokyo: Sakuya Koishi Suika Character Pack,12-01-2018,TRUE,FALSE,FALSE,Very Positive,97,73,2.99,2.99,0,TRUE
815450,Cardinal Cross,09-07-2018,TRUE,TRUE,TRUE,Very Positive,94,172,11.99,11.99,0,TRUE
448240,Hybrid Animals,29-08-2016,TRUE,FALSE,FALSE,Mixed,55,347,6.99,6.99,0,TRUE
453400,Squad - Original Soundtrack Vol. 1 & 2,29-04-2016,FALSE,FALSE,FALSE,Very Positive,93,97,6.99,6.99,0,TRUE
453990,Mibibli's Quest,04-08-2016,TRUE,TRUE,FALSE,Very Positive,96,62,2.99,5.99,50,TRUE
463720,Goat Simulator: Waste of Space,26-05-2016,TRUE,TRUE,TRUE,Very Positive,90,363,4.99,4.99,0,TRUE
465720,Demon Hunter 2: New Chapter,21-07-2016,TRUE,TRUE,TRUE,Mostly Positive,71,128,9.99,9.99,0,TRUE
470210,Rocketbirds 2 Evolution,26-01-2017,TRUE,FALSE,FALSE,Mostly Positive,77,303,9.99,9.99,0,TRUE
493080,Card Quest,07-11-2017,TRUE,TRUE,FALSE,Very Positive,88,256,9.99,9.99,0,TRUE
497780,Recursed,30-09-2016,TRUE,TRUE,TRUE,Very Positive,97,391,7.99,7.99,0,TRUE
525480,.hack//G.U. Last Recode,03-11-2017,TRUE,FALSE,FALSE,Very Positive,87,2589,49.99,49.99,0,TRUE
530595,Defense Coin & Madhouse Mode Unlock,11-12-2017,TRUE,FALSE,FALSE,Positive,80,26,0,0,0,TRUE
544390,NITE Team 4 - Military Hacking Division,26-02-2019,TRUE,TRUE,FALSE,Very Positive,91,870,19.99,19.99,0,TRUE
554820,VideoPad Video Editor,01-12-2016,TRUE,TRUE,FALSE,Very Positive,80,51,99.99,99.99,0,TRUE
359496,Lady & Trish Costumes,23-06-2015,TRUE,FALSE,FALSE,Positive,85,48,3.99,3.99,0,TRUE
6880,Just Cause,15-03-2007,TRUE,FALSE,FALSE,Mixed,67,3661,6.99,6.99,0,TRUE
566540,Labyrinth of Refrain: Coven of Dusk,18-09-2018,TRUE,FALSE,FALSE,Mostly Positive,77,825,49.99,49.99,0,TRUE
582500,We Were Here,03-02-2017,TRUE,TRUE,FALSE,Very Positive,91,21568,0,0,0,TRUE
708760,Social Club VR : Casino Nights,21-06-2018,TRUE,FALSE,FALSE,Mostly Positive,78,47,19.99,19.99,0,TRUE
720750,LEGO® Marvel Super Heroes 2 - Marvel's Black Panther Movie Character and Level Pack,13-02-2018,TRUE,FALSE,FALSE,Mixed,66,15,2.99,2.99,0,TRUE
756440,Your Bunny Wrote,03-12-2017,TRUE,FALSE,FALSE,Positive,92,41,0.27,1.99,86,TRUE
758480,Ukrainian ball in search of gas,08-12-2017,TRUE,FALSE,FALSE,Very Positive,95,451,0.99,0.99,0,TRUE
826540,Audio Trip,19-12-2022,TRUE,FALSE,FALSE,Very Positive,89,224,19.99,19.99,0,TRUE
575940,The Tenth Line,17-03-2017,TRUE,TRUE,FALSE,Very Positive,86,102,7.99,7.99,0,TRUE
589860,SoulSet,07-02-2017,TRUE,TRUE,TRUE,Very Positive,91,112,8.49,16.99,50,TRUE
604240,Shotgun Farmers: Grow Your Guns,08-03-2019,TRUE,TRUE,TRUE,Very Positive,93,8643,4.99,9.99,50,TRUE
605920,VOLTED,10-07-2018,TRUE,FALSE,FALSE,Very Positive,85,130,4.99,4.99,0,TRUE
613230,Planescape: Torment: Enhanced Edition Official Soundtrack,11-04-2017,FALSE,FALSE,FALSE,Mostly Positive,70,17,9.99,9.99,0,TRUE
617160,Home Sweet Home,26-09-2017,TRUE,FALSE,FALSE,Very Positive,88,2777,15.99,15.99,0,TRUE
645500,Cat Sorter VR,29-08-2017,TRUE,FALSE,FALSE,Positive,82,28,9.99,9.99,0,TRUE
684050,Achievement Idler: Black,13-04-2018,TRUE,FALSE,FALSE,Very Positive,83,305,0.99,0.99,0,TRUE
704300,Bartender VR Simulator,09-02-2018,TRUE,FALSE,FALSE,Mixed,60,133,19.99,19.99,0,TRUE
736580,CPUCores :: Network Monitor Lite,26-10-2018,TRUE,FALSE,FALSE,Positive,80,15,4.99,4.99,0,TRUE
744680,Neverwinter Nights: Heroes of Neverwinter,27-03-2018,TRUE,TRUE,TRUE,Mixed,53,13,2.99,2.99,0,TRUE
749840,The Boogie Man,12-02-2018,TRUE,FALSE,FALSE,Very Positive,82,160,2.99,2.99,0,TRUE
786990,SpellKeeper,03-04-2018,TRUE,TRUE,FALSE,Positive,90,33,0.51,3.99,87,TRUE
801980,Kingdom Come: Deliverance – Artbook,14-02-2018,TRUE,FALSE,FALSE,Very Positive,95,64,3.99,3.99,0,TRUE
2277010,Postmouse Soundtrack,30-01-2023,FALSE,FALSE,FALSE,Positive,100,27,0,0,0,TRUE
803600,Disgaea 5 Complete,22-10-2018,TRUE,FALSE,FALSE,Very Positive,88,2542,39.99,39.99,0,TRUE
824720,Pure Rock Crawling,11-04-2018,TRUE,FALSE,FALSE,Very Positive,84,930,14.99,14.99,0,TRUE
834760,Robot Wants It All,04-04-2019,TRUE,FALSE,TRUE,Very Positive,89,103,19.99,19.99,0,TRUE
850450,Escape First,10-05-2018,TRUE,FALSE,FALSE,Mixed,64,339,5.99,5.99,0,TRUE
1600150,Tiny Bunny: Full Soundtrack,23-04-2021,FALSE,FALSE,FALSE,Very Positive,98,97,3.99,3.99,0,TRUE
1568680,DJMAX RESPECT V - Portable 3 PACK,18-04-2021,TRUE,FALSE,FALSE,Very Positive,87,169,19.99,19.99,0,TRUE
55100,Homefront,14-03-2011,TRUE,FALSE,FALSE,Mixed,63,3055,19.99,19.99,0,TRUE
208292,Train Simulator: Southern Pacific Cab Forward Loco Add-On,23-08-2012,TRUE,FALSE,FALSE,Mostly Positive,76,17,19.99,19.99,0,TRUE
221910,The Stanley Parable,17-10-2013,TRUE,TRUE,TRUE,Very Positive,92,37766,14.99,14.99,0,TRUE
222573,Train Simulator: Western Pacific GP20 High Nose Loco Add-On,28-04-2016,TRUE,FALSE,FALSE,Positive,100,18,19.99,19.99,0,TRUE
260690,Dark Fall: The Journal,03-12-2013,TRUE,FALSE,FALSE,Mostly Positive,77,184,4.99,4.99,0,TRUE
267780,Talisman - The Highland Expansion,06-03-2015,TRUE,TRUE,FALSE,Positive,87,16,4.99,4.99,0,TRUE
287900,Pro Pinball Ultra,21-07-2016,TRUE,TRUE,TRUE,Very Positive,82,200,14.99,14.99,0,TRUE
292800,Pajama Sam 3: You Are What You Eat From Your Head To Your Feet,15-05-2014,TRUE,TRUE,TRUE,Very Positive,96,266,6.99,6.99,0,TRUE
296470,Mount Your Friends,29-07-2014,TRUE,FALSE,FALSE,Overwhelmingly Positive,95,5100,1.74,4.99,65,TRUE
343370,SLAMMED!,30-01-2015,TRUE,TRUE,TRUE,Very Positive,95,101,6.99,6.99,0,TRUE
350640,Sherlock Holmes: The Devil's Daughter,10-06-2016,TRUE,FALSE,FALSE,Very Positive,80,10208,29.99,29.99,0,TRUE
353850,Reassembly Soundtrack,02-03-2015,FALSE,FALSE,FALSE,Positive,100,10,4.99,4.99,0,TRUE
358190,Blake Stone: Aliens of Gold,05-05-2015,TRUE,TRUE,FALSE,Very Positive,98,60,4.99,4.99,0,TRUE
358220,Mystic Towers,05-05-2014,TRUE,TRUE,FALSE,Positive,85,20,4.99,4.99,0,TRUE
929480,Hatsune Miku VR - 5 songs pack 1,02-10-2018,TRUE,FALSE,FALSE,Positive,88,17,11.99,11.99,0,TRUE
319810,RER2 Episode Two: Contemplation,03-03-2015,TRUE,FALSE,FALSE,Very Positive,90,140,5.99,5.99,0,TRUE
360650,12 Labours of Hercules III: Girl Power,07-08-2015,TRUE,TRUE,TRUE,Very Positive,86,744,1.49,2.99,50,TRUE
365380,Battle Brothers - Soundtrack,24-03-2017,FALSE,FALSE,FALSE,Positive,89,29,4.99,4.99,0,TRUE
215100,Ragnarok Online,31-10-2013,TRUE,FALSE,FALSE,Mostly Positive,74,1968,0,0,0,TRUE
6040,The Dig®,08-07-2009,TRUE,TRUE,FALSE,Very Positive,92,902,2.09,5.99,65,TRUE
3920,Sid Meier's Pirates!,11-07-2005,TRUE,FALSE,FALSE,Very Positive,94,4607,2.49,9.99,75,TRUE
15920,Luxor 2,10-06-2008,TRUE,FALSE,FALSE,Mixed,48,27,9.99,9.99,0,TRUE
25010,Lugaru HD,08-10-2010,TRUE,TRUE,TRUE,Very Positive,84,267,9.99,9.99,0,TRUE
31900,Nancy Drew®: The Creature of Kapu Cave,17-07-2009,TRUE,FALSE,FALSE,Mixed,69,96,6.99,6.99,0,TRUE
31220,Sam & Max: The Devil’s Playhouse,15-04-2010,TRUE,TRUE,FALSE,Very Positive,92,272,9.99,9.99,0,TRUE
206690,iBomber Defense Pacific,01-03-2012,TRUE,TRUE,TRUE,Very Positive,85,140,4.99,4.99,0,TRUE
213350,MDK2 HD,30-07-2012,TRUE,FALSE,FALSE,Mixed,59,120,14.99,14.99,0,TRUE
65270,Demolition Company Gold Edition,04-08-2011,TRUE,FALSE,FALSE,Very Positive,87,280,9.99,9.99,0,TRUE
224960,Tomb Raider I,28-11-2012,TRUE,FALSE,FALSE,Very Positive,85,3537,6.99,6.99,0,TRUE
65600,Gothic 3: Forsaken Gods Enhanced Edition,22-03-2011,TRUE,FALSE,FALSE,Mixed,48,751,9.99,9.99,0,TRUE
33180,Zombie Shooter 2,18-11-2009,TRUE,FALSE,FALSE,Mostly Positive,79,346,9.99,9.99,0,TRUE
246300,Paranormal,12-09-2013,TRUE,TRUE,FALSE,Mixed,59,367,9.99,9.99,0,TRUE
914890,Nine Noir Lives,07-09-2022,TRUE,TRUE,TRUE,Positive,87,39,19.99,19.99,0,TRUE
920567,Resident Evil 2 - Original Ver. Soundtrack Swap,24-01-2019,TRUE,FALSE,FALSE,Very Positive,87,271,2.99,2.99,0,TRUE
971690,Cake Bash,14-10-2020,TRUE,FALSE,FALSE,Very Positive,90,185,19.99,19.99,0,TRUE
984470,Big Dipper,07-01-2019,TRUE,TRUE,TRUE,Very Positive,92,123,4.99,4.99,0,TRUE
998790,Piczle Lines DX+α,21-03-2019,TRUE,FALSE,FALSE,Positive,80,31,9.99,9.99,0,TRUE
1016770,Interrogation: You will be deceived,05-12-2019,TRUE,TRUE,TRUE,Very Positive,81,226,12.99,12.99,0,TRUE
1046230,Soccer Player Simulator,27-03-2019,TRUE,FALSE,FALSE,Very Positive,81,198,0.99,0.99,0,TRUE
1054340,Logic World,22-10-2021,TRUE,TRUE,TRUE,Very Positive,94,228,15,15,0,TRUE
1072480,The Fisherman - Fishing Planet,17-10-2019,TRUE,FALSE,FALSE,Mixed,62,666,29.99,29.99,0,TRUE
1087760,The Gunk,29-04-2022,TRUE,FALSE,FALSE,Very Positive,84,400,24.99,24.99,0,TRUE
1096410,Vampire: The Masquerade - Coteries of New York,11-12-2019,TRUE,TRUE,TRUE,Mostly Positive,73,1648,19.99,19.99,0,TRUE
1101930,Monsters of Little Haven,09-07-2019,TRUE,FALSE,FALSE,Very Positive,88,190,11.99,11.99,0,TRUE
1109050,Tales of Arise - Pre-Order Bonus Pack,27-01-2022,TRUE,FALSE,FALSE,Mixed,60,20,4.99,4.99,0,TRUE
1796170,Bunny e-Shop  The Art of the Game,16-12-2021,TRUE,TRUE,TRUE,Very Positive,100,107,2.99,2.99,0,TRUE
793450,Desecration of Wings,16-03-2018,TRUE,FALSE,FALSE,Very Positive,94,57,14.99,14.99,0,TRUE
815150,Knight Bewitched,18-04-2018,TRUE,TRUE,FALSE,Very Positive,93,116,4.99,4.99,0,TRUE
843430,Righty Tighty XL,14-05-2018,TRUE,TRUE,TRUE,Very Positive,94,111,0.99,0.99,0,TRUE
846800,Diner Bros,06-07-2018,TRUE,FALSE,FALSE,Very Positive,89,633,5.99,9.99,40,TRUE
961490,Travis Strikes Again: No More Heroes Complete Edition,17-10-2019,TRUE,FALSE,FALSE,Very Positive,84,359,39.99,39.99,0,TRUE
382210,Blood Bowl 2 - Lizardmen,03-11-2015,TRUE,TRUE,FALSE,Positive,84,32,6.99,6.99,0,TRUE
848500,Sniper Strike: Special Ops,27-07-2018,TRUE,FALSE,FALSE,Mixed,58,286,0,0,0,TRUE
853480,Pestis,10-05-2018,TRUE,FALSE,FALSE,Very Positive,83,80,24.99,24.99,0,TRUE
891170,The Witch & The 66 Mushrooms,07-11-2020,TRUE,FALSE,FALSE,Very Positive,88,149,3.49,6.99,50,TRUE
917150,Godhood,11-08-2020,TRUE,FALSE,FALSE,Mostly Positive,72,858,26.99,26.99,0,TRUE
917190,TerraTech - Official Soundtrack,10-08-2018,FALSE,FALSE,FALSE,Positive,92,13,4.99,4.99,0,TRUE
929100,ACE COMBAT™ 7: SKIES UNKNOWN - Unexpected Visitor,24-09-2019,TRUE,FALSE,FALSE,Very Positive,90,169,4.99,4.99,0,TRUE
931000,URUZ 'Return of The Er Kishi',02-10-2020,TRUE,FALSE,FALSE,Very Positive,80,424,2.99,9.99,70,TRUE
976920,Dance of Death: Du Lac & Fey,05-04-2019,TRUE,FALSE,FALSE,Very Positive,82,111,18.99,18.99,0,TRUE
987270,Hyperdimension Neptunia Re;Birth3 Let's Get Nepucated,27-12-2018,TRUE,FALSE,FALSE,Positive,92,39,1.99,1.99,0,TRUE
992050,Oik 5,24-01-2019,TRUE,FALSE,FALSE,Very Positive,88,105,0.99,0.99,0,TRUE
1011900,Mirror: Enchanting Reflections,17-01-2019,TRUE,TRUE,FALSE,Mostly Positive,79,174,1.99,1.99,0,TRUE
1086481,Hearts of Iron IV: Radio Pack,04-06-2019,TRUE,TRUE,TRUE,Mostly Positive,73,157,6.99,6.99,0,TRUE
1536700,Hidden Through Time - Road to Rome,22-04-2021,TRUE,TRUE,FALSE,Positive,83,12,1.99,1.99,0,TRUE
215004,Victoria II: Interwar Engineer Unit,22-04-2013,TRUE,FALSE,FALSE,Positive,90,21,1.99,1.99,0,TRUE
919640,Steel Division 2,20-06-2019,TRUE,FALSE,FALSE,Mostly Positive,79,6343,40,0,0,TRUE
774791,Surgeon Simulator 2,02-09-2021,TRUE,FALSE,FALSE,Mixed,69,809,19.99,19.99,0,TRUE
783120,HELLO LADY!,29-06-2018,TRUE,FALSE,FALSE,Overwhelmingly Positive,95,599,29.99,29.99,0,TRUE
818960,TAYAL,09-10-2018,TRUE,FALSE,FALSE,Very Positive,91,67,8.99,8.99,0,TRUE
820540,Bloodroots,12-03-2021,TRUE,FALSE,FALSE,Very Positive,88,160,19.99,19.99,0,TRUE
837861,Alien Shooter - The Experiment,08-04-2019,TRUE,FALSE,FALSE,Very Positive,90,50,1.99,1.99,0,TRUE
896640,Dead In Vinland - The Vallhund,19-09-2018,TRUE,TRUE,FALSE,Positive,100,20,1.99,1.99,0,TRUE
933610,Euro Truck Simulator 2 - Krone Trailer Pack,17-09-2018,TRUE,TRUE,TRUE,Very Positive,83,729,3.99,3.99,0,TRUE
933940,假如我是人工智能 Big Brother Is Shaping You,12-04-2019,TRUE,TRUE,FALSE,Very Positive,85,702,3.99,3.99,0,TRUE
946780,MOMO.EXE 2,05-10-2018,TRUE,TRUE,TRUE,Very Positive,83,97,0.74,2.99,75,TRUE
958320,A Front Too Far: Normandy,20-12-2018,TRUE,TRUE,TRUE,Mixed,62,169,5.99,5.99,0,TRUE
959410,The Endless Empty,03-11-2018,TRUE,FALSE,FALSE,Very Positive,94,135,0.99,3.99,75,TRUE
962630,Transient: Extended Edition,28-10-2020,TRUE,FALSE,FALSE,Mixed,69,183,19.99,19.99,0,TRUE
971070,Dark Parables: The Match Girl's Lost Paradise Collector's Edition,02-11-2018,TRUE,FALSE,FALSE,Positive,85,14,9.99,9.99,0,TRUE
976900,Lumberhill,13-06-2021,TRUE,FALSE,FALSE,Very Positive,80,120,14.99,14.99,0,TRUE
1015480,DrumBeats VR,01-02-2019,TRUE,FALSE,FALSE,Mixed,63,119,9.99,9.99,0,TRUE
1032430,Blood Trail,27-03-2019,TRUE,FALSE,FALSE,Very Positive,80,3076,24.99,24.99,0,TRUE
1036760,Northgard - Svardilfari Clan of the Horse,23-04-2019,TRUE,TRUE,TRUE,Very Positive,88,134,4.99,4.99,0,TRUE
1038280,Nobodies: Murder Cleaner,30-09-2019,TRUE,TRUE,TRUE,Very Positive,91,227,6.99,6.99,0,TRUE
939790,Royal Alchemist,30-04-2020,TRUE,TRUE,TRUE,Very Positive,93,206,19.99,19.99,0,TRUE
856210,bit Dungeon III,03-05-2019,TRUE,FALSE,FALSE,Mostly Positive,78,122,9.99,9.99,0,TRUE
868420,Just Cause™ 4: Deathstalker Scorpion Pack,04-12-2018,TRUE,FALSE,FALSE,Mixed,61,52,4.99,4.99,0,TRUE
885440,Easy Audio Visualization,21-07-2018,TRUE,FALSE,FALSE,Very Positive,81,79,2.99,2.99,0,TRUE
888850,NTBSS: Master Character Training Pack - Jiraiya,04-10-2018,TRUE,FALSE,FALSE,Mostly Positive,75,29,1.99,3.99,50,TRUE
895600,Mojo,03-08-2018,TRUE,FALSE,FALSE,Very Positive,85,91,2.99,2.99,0,TRUE
938220,TAPSONIC BOLD,29-03-2019,TRUE,FALSE,FALSE,Mostly Positive,74,1103,19.99,19.99,0,TRUE
938490,Syrian Warfare: Battlefields,22-10-2018,TRUE,FALSE,FALSE,Very Positive,92,75,2.99,2.99,0,TRUE
964230,FUTURE GPX CYBER FORMULA SIN VIER,11-12-2018,TRUE,FALSE,FALSE,Mostly Positive,76,86,29.99,29.99,0,TRUE
994910,Poker Master,23-09-2020,TRUE,FALSE,FALSE,Very Positive,93,1628,0,0,0,TRUE
996450,7th Sea: A Pirate's Pact,14-12-2018,TRUE,TRUE,TRUE,Positive,83,24,5.99,5.99,0,TRUE
1054700,Back To Ashes,20-04-2020,TRUE,FALSE,FALSE,Very Positive,83,77,8.79,10.99,20,TRUE
1054990,Race With Ryan,01-11-2019,TRUE,FALSE,FALSE,Mostly Positive,73,15,24.99,24.99,0,TRUE
1761570,Hunt: Showdown - Cold Blooded,26-10-2021,TRUE,FALSE,FALSE,Very Positive,96,195,7.99,7.99,0,TRUE
1081870,WarForwards,01-08-2019,TRUE,FALSE,FALSE,Positive,86,36,9.99,9.99,0,TRUE
1124080,Active DBG: Brave's Rage,01-02-2023,TRUE,TRUE,FALSE,Very Positive,90,167,17.99,17.99,0,TRUE
1151930,Buissons,02-02-2021,TRUE,FALSE,FALSE,Very Positive,98,85,3.95,8.99,56,TRUE
958210,Pixelmash,05-11-2018,TRUE,FALSE,FALSE,Mostly Positive,70,44,24.99,24.99,0,TRUE
829280,Kaze and the Wild Masks,26-03-2021,TRUE,FALSE,FALSE,Overwhelmingly Positive,96,796,19.99,19.99,0,TRUE
847290,Community College Hero: Knowledge is Power,17-05-2018,TRUE,TRUE,TRUE,Positive,86,29,5.99,5.99,0,TRUE
848930,Rising Dusk,26-07-2018,TRUE,TRUE,FALSE,Positive,88,42,6.99,6.99,0,TRUE
853380,Air Threat,08-05-2018,TRUE,FALSE,FALSE,Very Positive,82,108,1.99,1.99,0,TRUE
861090,ONE PIECE World Seeker Extra Episode 1: Void Mirror Prototype,11-07-2019,TRUE,FALSE,FALSE,Positive,83,30,4.99,9.99,50,TRUE
861880,Train Simulator: CPRR 4-6-0 Buffalo Steam Loco Add-On,04-10-2018,TRUE,FALSE,FALSE,Positive,100,12,19.99,19.99,0,TRUE
905450,NASCAR Heat 3,07-09-2018,TRUE,FALSE,FALSE,Mostly Positive,75,435,12.99,12.99,0,TRUE
916060,Loca-Love My Cute Roommate,25-10-2018,TRUE,FALSE,FALSE,Very Positive,93,91,19.99,19.99,0,TRUE
949290,Winkeltje: The Little Shop,22-04-2022,TRUE,FALSE,FALSE,Very Positive,91,1195,14.99,14.99,0,TRUE
992172,DRAGON BALL FighterZ - Goku (GT),09-05-2019,TRUE,FALSE,FALSE,Very Positive,86,141,4.99,4.99,0,TRUE
1012560,Snakeybus,10-05-2019,TRUE,TRUE,FALSE,Very Positive,93,1835,9.99,9.99,0,TRUE
1013910,Aron's Adventure,07-04-2021,TRUE,FALSE,FALSE,Mostly Positive,75,157,29.99,29.99,0,TRUE
1045010,Russia Roguelike,17-06-2020,TRUE,FALSE,FALSE,Very Positive,88,77,0.99,0.99,0,TRUE
1048580,Terje Haakonsen's Powder VR,16-12-2020,TRUE,FALSE,FALSE,Mostly Positive,76,47,19.99,19.99,0,TRUE
1053250,TOK HARDCORE,11-04-2019,TRUE,FALSE,FALSE,Very Positive,93,98,0.99,0.99,0,TRUE
1066430,Kwaidan ～Azuma manor story～,31-01-2020,TRUE,FALSE,FALSE,Mostly Positive,78,37,24.99,24.99,0,TRUE
1071130,The Procession to Calvary,09-04-2020,TRUE,TRUE,TRUE,Overwhelmingly Positive,98,645,9.99,9.99,0,TRUE
1087451,NTBSS: Master Character Training Pack - Neji Hyuga,24-09-2020,TRUE,FALSE,FALSE,Positive,82,23,1.99,3.99,50,TRUE
1092630,Rogue Glitch,10-03-2021,TRUE,TRUE,FALSE,Very Positive,94,1125,0,0,0,TRUE
1099170,Battle Planet - Judgement Day,17-10-2019,TRUE,FALSE,FALSE,Very Positive,89,58,9.99,9.99,0,TRUE
1112340,The Dreadful Whispers,05-09-2019,TRUE,FALSE,FALSE,Very Positive,88,153,9.99,9.99,0,TRUE
1112790,Automation Empire,20-11-2019,TRUE,FALSE,FALSE,Mixed,66,2340,29.99,29.99,0,TRUE
1189680,Degraman: Act I. Vincent,10-12-2021,TRUE,TRUE,TRUE,Very Positive,89,134,0,0,0,TRUE
1203510,Pinball FX3 - Williams™ Pinball: Volume 5,10-12-2019,TRUE,FALSE,FALSE,Positive,83,48,9.99,9.99,0,TRUE
1232520,Wish Original Soundtrack,28-04-2020,FALSE,FALSE,FALSE,Very Positive,98,81,2.99,2.99,0,TRUE
1233260,FAIRY TAIL,29-07-2020,TRUE,FALSE,FALSE,Mostly Positive,72,1178,59.99,59.99,0,TRUE
1241275,Monster Hunter World: Iceborne - Pendant: White Felyne Teddy,11-03-2020,TRUE,FALSE,FALSE,Positive,100,10,0.99,0.99,0,TRUE
1250250,NAMCO MUSEUM ARCHIVES Vol 1,17-06-2020,TRUE,FALSE,FALSE,Mixed,69,86,19.99,19.99,0,TRUE
1273690,Ashwalkers,15-04-2021,TRUE,FALSE,FALSE,Mostly Positive,71,91,11.99,11.99,0,TRUE
1285020,Flipon,08-10-2020,TRUE,TRUE,TRUE,Very Positive,95,74,1.99,3.99,50,TRUE
1287530,Lords and Villeins,10-11-2022,TRUE,FALSE,FALSE,Mostly Positive,79,434,24.99,24.99,0,TRUE
1310990,Bishojo Mangekyo Kotowari to Meikyu no Shojo,20-06-2021,TRUE,FALSE,FALSE,Overwhelmingly Positive,96,2236,29.99,29.99,0,TRUE
1325800,Viticulture Essential Edition,10-07-2020,TRUE,TRUE,TRUE,Mixed,66,153,14.99,14.99,0,TRUE
1326000,Sakura Succubus 2,20-07-2020,TRUE,TRUE,TRUE,Very Positive,91,225,9.99,9.99,0,TRUE
1415140,Kandidatos Kart,20-10-2020,TRUE,FALSE,FALSE,Very Positive,89,434,0.29,0.99,70,TRUE
1418844,Train Sim World® 2: Cane Creek: Thompson - Potash Route Add-On,08-07-2021,TRUE,FALSE,FALSE,Mixed,44,75,29.99,29.99,0,TRUE
1235763,The Sims™ 4 Kids Room Stuff,18-06-2020,TRUE,FALSE,FALSE,Mixed,53,15,9.99,9.99,0,TRUE
1482860,Idle Research,31-07-2022,TRUE,TRUE,TRUE,Very Positive,86,978,0,0,0,TRUE
1490340,We Are OFK,18-08-2022,TRUE,TRUE,FALSE,Very Positive,96,139,19.99,19.99,0,TRUE
1492070,Sker Ritual,06-10-2022,TRUE,FALSE,FALSE,Mostly Positive,79,424,11.24,14.99,25,TRUE
1501150,Pebble Witch,25-01-2021,TRUE,TRUE,FALSE,Positive,90,10,2.99,2.99,0,TRUE
1523720,Cook-Out,20-04-2021,TRUE,FALSE,FALSE,Very Positive,90,133,19.99,19.99,0,TRUE
1562700,SANABI,20-06-2022,TRUE,FALSE,FALSE,Overwhelmingly Positive,96,2043,14.99,14.99,0,TRUE
1640760,WORDLAND 2,03-06-2021,TRUE,FALSE,FALSE,Positive,100,18,1.99,1.99,0,TRUE
1677180,Neko Hacker Plus,20-09-2021,TRUE,FALSE,FALSE,Mostly Positive,75,41,2.99,2.99,0,TRUE
1700220,东方远空界 ~ Ultimate Vitality of Imagination,07-02-2022,TRUE,FALSE,FALSE,Very Positive,89,57,9.99,9.99,0,TRUE
1742840,Puff Town,29-09-2021,TRUE,FALSE,FALSE,Mostly Positive,77,300,1.99,1.99,0,TRUE
1797280,Chernobylite - Autumn Dread Pack,27-10-2021,TRUE,FALSE,FALSE,Positive,100,14,3.99,3.99,0,TRUE
1885690,Virtual Circuit Board,20-05-2022,TRUE,FALSE,TRUE,Very Positive,93,134,14.99,14.99,0,TRUE
1906530,A Plague Tale: Requiem - Protector Pack DLC,17-10-2022,TRUE,FALSE,FALSE,Positive,94,35,2.99,2.99,0,TRUE
1962430,Monochrome Mobius: Rights and Wrongs Forgotten,16-11-2022,TRUE,FALSE,FALSE,Mostly Positive,78,483,59.99,59.99,0,TRUE
2147630,Monster Roadtrip Playable character - Hazel,21-10-2022,TRUE,TRUE,TRUE,Positive,100,13,2.39,2.99,20,TRUE
1910790,Lunar Mirror,19-01-2023,TRUE,FALSE,FALSE,Very Positive,88,507,9.99,9.99,0,TRUE
1911560,Class Escape,25-03-2022,TRUE,FALSE,FALSE,Positive,97,38,6.99,6.99,0,TRUE
1940752,Monster Hunter Rise - 'Relunea Bottoms' Hunter layered armor piece,29-06-2022,TRUE,FALSE,FALSE,Positive,87,31,1.49,1.49,0,TRUE
1115580,Grand Brix Shooter,29-08-2019,TRUE,FALSE,FALSE,Very Positive,96,52,9.99,9.99,0,TRUE
1128880,The Backrooms Game - Support This Game! 😎👉👉,29-07-2019,TRUE,FALSE,TRUE,Positive,85,42,2.99,2.99,0,TRUE
1149710,Tesla Force,19-11-2020,TRUE,FALSE,FALSE,Mostly Positive,78,124,16.99,16.99,0,TRUE
1179450,RISK: Global Domination - Premium Mode,19-02-2020,TRUE,TRUE,FALSE,Mixed,66,59,12.99,12.99,0,TRUE
1185600,The Kingdom of God,16-01-2023,TRUE,TRUE,FALSE,Mixed,69,196,9.99,9.99,0,TRUE
1202310,Sakura Succubus,31-03-2020,TRUE,TRUE,TRUE,Very Positive,83,467,9.99,9.99,0,TRUE
1203040,ONE PIECE: PIRATE WARRIORS 4 The Worst Generation Pack,23-09-2020,TRUE,FALSE,FALSE,Positive,92,27,11.99,11.99,0,TRUE
1286280,Pronty,18-11-2021,TRUE,FALSE,FALSE,Very Positive,95,475,17.99,17.99,0,TRUE
1298050,Boinihi: The Ki Codex,27-05-2020,TRUE,FALSE,FALSE,Positive,90,11,19.99,19.99,0,TRUE
1305310,Drox Operative 2,20-10-2021,TRUE,FALSE,TRUE,Very Positive,89,202,19.99,19.99,0,TRUE
1333410,Stream Racer,19-06-2020,TRUE,FALSE,FALSE,Very Positive,84,244,0,0,0,TRUE
1343920,Mighty Fling,20-07-2020,TRUE,FALSE,FALSE,Very Positive,82,52,9.99,9.99,0,TRUE
1364034,Train Simulator: Canadian Pacific AC4400CW Loco Add-On,08-10-2020,TRUE,FALSE,FALSE,Mostly Positive,78,56,34.99,34.99,0,TRUE
1365020,RIDE 4 - Credits Multiplier,08-10-2020,TRUE,FALSE,FALSE,Mostly Positive,71,21,0.99,4.99,80,TRUE
1370050,Trek to Yomi,05-05-2022,TRUE,FALSE,FALSE,Mostly Positive,71,1208,19.99,19.99,0,TRUE
1423090,Monster Collector,19-02-2021,TRUE,FALSE,FALSE,Mixed,64,17,24.99,24.99,0,TRUE
1464980,UNREAL LIFE Original Soundtrack 'Sound of the Mind',22-12-2020,FALSE,FALSE,FALSE,Positive,100,15,13.99,13.99,0,TRUE
1482081,Persona® 5 Strikers - All-Out Attack Pack,22-02-2021,TRUE,FALSE,FALSE,Mixed,51,29,4.99,4.99,0,TRUE
1198960,PC Building Simulator - NZXT Workshop,23-01-2020,TRUE,FALSE,FALSE,Positive,94,34,5.99,5.99,0,TRUE
73095,Magicka: Mega Villain Robes,24-07-2012,TRUE,FALSE,FALSE,Positive,90,11,1.99,1.99,0,TRUE
1061610,Tenderfoot Tactics,21-10-2020,TRUE,TRUE,TRUE,Very Positive,83,165,24.99,24.99,0,TRUE
1064460,Murder House,22-10-2020,TRUE,FALSE,FALSE,Overwhelmingly Positive,96,1409,11.99,11.99,0,TRUE
1066290,猎魔者战纪,13-05-2019,TRUE,FALSE,FALSE,Very Positive,84,95,2.99,2.99,0,TRUE
324250,Knights of Pen and Paper - Haunted Fall,06-11-2014,TRUE,TRUE,TRUE,Mixed,68,25,4.99,4.99,0,TRUE
1076160,Command: Modern Operations,14-11-2019,TRUE,FALSE,FALSE,Very Positive,84,897,79.99,79.99,0,TRUE
1081510,She Sees Red - Interactive Movie,11-07-2019,TRUE,TRUE,FALSE,Mostly Positive,77,2410,7.99,7.99,0,TRUE
1090183,NTBSS Master Character Training Pack - Kawaki,03-02-2022,TRUE,FALSE,FALSE,Positive,96,33,1.99,3.99,50,TRUE
1115050,Will You Snail?,09-03-2022,TRUE,FALSE,FALSE,Overwhelmingly Positive,98,1929,14.99,14.99,0,TRUE
1122700,Hindsight,04-08-2022,TRUE,TRUE,FALSE,Very Positive,82,52,14.99,14.99,0,TRUE
1126310,风信楼,13-10-2021,TRUE,TRUE,TRUE,Very Positive,93,2963,11.99,11.99,0,TRUE
1139110,Rise of Industry: 2130,24-10-2019,TRUE,TRUE,TRUE,Very Positive,86,106,9.99,9.99,0,TRUE
1141360,Dungeon Dreams (Female Protagonist),24-12-2019,TRUE,FALSE,FALSE,Positive,83,31,11.99,11.99,0,TRUE
1180491,Hunt: Showdown - The Researcher,18-12-2019,TRUE,FALSE,FALSE,Very Positive,91,98,4.99,4.99,0,TRUE
1191580,Nexomon,10-07-2020,TRUE,TRUE,FALSE,Very Positive,89,1187,4.99,9.99,50,TRUE
1201270,A Space for the Unbound,19-01-2023,TRUE,FALSE,FALSE,Overwhelmingly Positive,98,1238,19.99,19.99,0,TRUE
1266430,Lost In Fantaland,26-09-2022,TRUE,FALSE,FALSE,Very Positive,88,246,13.99,13.99,0,TRUE
918110,Animus - Stand Alone,23-07-2019,TRUE,FALSE,FALSE,Mostly Positive,78,51,9.99,9.99,0,TRUE
818610,The Great Gaias,22-06-2018,TRUE,FALSE,FALSE,Very Positive,81,53,19.99,19.99,0,TRUE
870690,Galaxy Trucker: Extended Edition,07-03-2019,TRUE,TRUE,FALSE,Very Positive,92,148,9.99,9.99,0,TRUE
887900,egg is broken. heart is too.,04-04-2019,TRUE,TRUE,FALSE,Very Positive,82,93,2.99,2.99,0,TRUE
904370,Naval Action - Flags,29-11-2018,TRUE,FALSE,FALSE,Mostly Positive,79,34,24.99,24.99,0,TRUE
947300,Grim Nights,12-10-2018,TRUE,FALSE,FALSE,Very Positive,88,1246,2.99,2.99,0,TRUE
975280,Will To Live Online - Supporters pack,10-12-2018,TRUE,FALSE,FALSE,Mostly Positive,78,56,7.99,7.99,0,TRUE
943380,Timberman VS,12-10-2018,TRUE,TRUE,FALSE,Very Positive,92,2874,1.99,1.99,0,TRUE
979400,Last Labyrinth（ラストラビリンス）,12-11-2019,TRUE,FALSE,FALSE,Mostly Positive,76,72,29.99,29.99,0,TRUE
987480,花落冬陽 Snowdreams -lost in winter-,09-03-2022,TRUE,FALSE,FALSE,Very Positive,97,126,17.99,17.99,0,TRUE
1007520,Willy Jetman: Astromonkey's Revenge,31-01-2020,TRUE,TRUE,TRUE,Very Positive,92,56,9.99,9.99,0,TRUE
1027120,Bravery Network Online,16-02-2021,TRUE,TRUE,FALSE,Very Positive,92,128,24.99,24.99,0,TRUE
1062830,Embr,23-09-2021,TRUE,FALSE,FALSE,Very Positive,87,791,19.99,19.99,0,TRUE
1093330,Conscious Existence - A Journey Within,15-06-2019,TRUE,FALSE,FALSE,Very Positive,88,560,4.99,4.99,0,TRUE
1093800,Zeke's Peak,11-10-2019,TRUE,FALSE,FALSE,Positive,92,14,8.99,8.99,0,TRUE
1102380,Order of Battle: Red Star,08-08-2019,TRUE,TRUE,FALSE,Mostly Positive,73,49,14.99,14.99,0,TRUE
368180,Polyball,01-12-2017,TRUE,TRUE,TRUE,Mostly Positive,74,116,3.99,3.99,0,TRUE
384360,Fingered,18-08-2015,TRUE,FALSE,FALSE,Mostly Positive,74,830,1.87,1.87,0,TRUE
399780,Expand,30-09-2015,TRUE,TRUE,TRUE,Very Positive,90,107,5.99,5.99,0,TRUE
400940,Budget Cuts,14-06-2018,TRUE,FALSE,FALSE,Very Positive,81,1475,29.99,29.99,0,TRUE
403410,ARCADE GAME SERIES: Ms. PAC-MAN,19-04-2016,TRUE,FALSE,FALSE,Very Positive,88,203,3.99,3.99,0,TRUE
421040,Plantera,28-01-2016,TRUE,FALSE,FALSE,Very Positive,88,3837,2.99,2.99,0,TRUE
428690,Youtubers Life,02-02-2017,TRUE,TRUE,TRUE,Mostly Positive,77,13508,24.99,24.99,0,TRUE
439750,The Lost Heir 2: Forging a Kingdom,29-01-2016,TRUE,TRUE,TRUE,Mostly Positive,76,34,1.97,2.99,34,TRUE
1291790,Lakeview Cabin 2,30-10-2020,TRUE,TRUE,FALSE,Very Positive,97,297,9.99,9.99,0,TRUE
440650,Niche - a genetics survival game,21-09-2017,TRUE,TRUE,TRUE,Very Positive,89,3750,17.99,17.99,0,TRUE
456180,The American Dream,14-03-2018,TRUE,FALSE,FALSE,Mixed,64,87,3.74,14.99,75,TRUE
461950,Beat Cop,30-03-2017,TRUE,TRUE,TRUE,Very Positive,83,3368,14.99,14.99,0,TRUE
462680,BalanCity,21-09-2016,TRUE,TRUE,TRUE,Very Positive,82,554,7.99,7.99,0,TRUE
485490,Dungeon Journey,03-06-2016,TRUE,FALSE,FALSE,Very Positive,80,193,1.99,1.99,0,TRUE
492530,The Dark Legions,09-07-2016,TRUE,FALSE,FALSE,Very Positive,83,118,1.99,1.99,0,TRUE
499520,The Turing Test,30-08-2016,TRUE,FALSE,FALSE,Very Positive,87,5840,19.99,19.99,0,TRUE
539670,Sakura Nova,20-10-2016,TRUE,FALSE,TRUE,Very Positive,89,217,14.99,14.99,0,TRUE
1102130,Florence,13-02-2020,TRUE,TRUE,FALSE,Very Positive,93,8108,5.99,5.99,0,TRUE
1152320,Atelier Shallie: Alchemists of the Dusk Sea DX,14-01-2020,TRUE,FALSE,FALSE,Very Positive,88,143,39.99,39.99,0,TRUE
1152420,Heraldry Studio,23-09-2019,TRUE,FALSE,FALSE,Positive,91,37,19.99,19.99,0,TRUE
1174720,SwarmZ,29-11-2019,TRUE,FALSE,FALSE,Mixed,65,275,4.99,4.99,0,TRUE
1175460,Revita,01-03-2021,TRUE,FALSE,FALSE,Very Positive,83,1352,16.99,16.99,0,TRUE
1181840,HIVESWAP: ACT 2,25-11-2020,TRUE,TRUE,TRUE,Very Positive,88,779,14.99,14.99,0,TRUE
1215110,Azur Lane Crosswave - Deluxe Pack,13-02-2020,TRUE,FALSE,FALSE,Very Positive,84,72,7.99,7.99,0,TRUE
1222400,The Soul Stone War,05-03-2020,TRUE,TRUE,TRUE,Mostly Positive,72,83,7.99,7.99,0,TRUE
1272930,Remnants Supporter Pack,05-03-2021,TRUE,FALSE,FALSE,Mostly Positive,76,13,4.99,4.99,0,TRUE
1287030,Bubble Bobble 4 Friends: The Baron's Workshop,30-09-2021,TRUE,FALSE,FALSE,Mixed,64,65,39.99,39.99,0,TRUE
924150,Farm Together - Ginger Pack,06-12-2018,TRUE,TRUE,TRUE,Mostly Positive,79,24,3.99,3.99,0,TRUE
1296980,Forgotten Fields,14-04-2021,TRUE,TRUE,TRUE,Positive,85,49,12.99,12.99,0,TRUE
1384940,Egression,12-10-2022,TRUE,FALSE,FALSE,Positive,97,48,19.99,19.99,0,TRUE
1472192,DJMAX RESPECT V - Tok! Tok! Tok! Gear Pack,09-12-2020,TRUE,FALSE,FALSE,Positive,96,31,9.99,9.99,0,TRUE
1477920,Night Book,27-07-2021,TRUE,TRUE,FALSE,Mixed,68,316,4.8,12.99,63,TRUE
1481490,Hood: Outlaws & Legends - Forest Lords Pack,10-05-2021,TRUE,FALSE,FALSE,Mostly Positive,73,38,4.99,4.99,0,TRUE
1503530,Minit Fun Racer,18-02-2021,TRUE,FALSE,FALSE,Very Positive,95,194,2.99,2.99,0,TRUE
1512390,The Whispering Valley | La vallée qui murmure,30-11-2022,TRUE,TRUE,FALSE,Very Positive,96,62,11.99,11.99,0,TRUE
578320,Dark Parables: Jack and the Sky Kingdom Collector's Edition,13-01-2017,TRUE,FALSE,FALSE,Positive,94,18,9.99,9.99,0,TRUE
596000,The Shattering,21-04-2020,TRUE,FALSE,FALSE,Very Positive,84,182,19.99,19.99,0,TRUE
618970,Outcast - Second Contact,14-11-2017,TRUE,FALSE,FALSE,Very Positive,83,508,14.99,14.99,0,TRUE
676630,Attentat 1942,31-10-2017,TRUE,TRUE,TRUE,Very Positive,94,291,2.74,10.99,75,TRUE
687540,Tasty Planet,02-11-2017,TRUE,TRUE,FALSE,Very Positive,83,196,5.99,5.99,0,TRUE
701870,Swarm Queen,19-12-2017,TRUE,FALSE,FALSE,Very Positive,88,168,7.49,7.49,0,TRUE
723790,The Pirate: Plague of the Dead,13-10-2017,TRUE,TRUE,TRUE,Mostly Positive,76,531,0,0,0,TRUE
760650,Hammerting,16-11-2021,TRUE,FALSE,FALSE,Mixed,62,1462,24.99,24.99,0,TRUE
761821,Far Cry® 5 - Hours of Darkness,05-06-2018,TRUE,FALSE,FALSE,Mixed,43,1201,11.99,11.99,0,TRUE
837860,Alien Shooter - Fight for Life,29-03-2019,TRUE,FALSE,FALSE,Positive,89,49,1.99,1.99,0,TRUE
873880,Railway Empire - The Great Lakes,17-08-2018,TRUE,FALSE,TRUE,Very Positive,86,74,7.99,7.99,0,TRUE
881680,Mouse Enhancer Pro,12-07-2018,TRUE,FALSE,FALSE,Very Positive,82,98,9.99,9.99,0,TRUE
888701,Varenje - Full Game DLC,03-07-2018,TRUE,TRUE,TRUE,Positive,80,31,4.99,4.99,0,TRUE
894270,Beware of Trains,22-01-2019,TRUE,FALSE,FALSE,Mostly Positive,77,54,10.99,10.99,0,TRUE
552520,Far Cry® 5,26-03-2018,TRUE,FALSE,FALSE,Very Positive,80,129943,60,0,0,TRUE
981020,Clea,10-07-2019,TRUE,TRUE,TRUE,Very Positive,97,319,12.59,13.99,10,TRUE
1238520,Dandelions in the Sky,21-07-2020,TRUE,TRUE,TRUE,Very Positive,89,149,3.99,3.99,0,TRUE
1483100,One More Dungeon 2,19-09-2022,TRUE,FALSE,FALSE,Very Positive,84,90,14.99,14.99,0,TRUE
1491780,Bloody Paws Unleashed,14-10-2022,TRUE,FALSE,FALSE,Positive,92,13,9.99,9.99,0,TRUE
1524400,Ragdoll: Fall Simulator,23-07-2021,TRUE,FALSE,FALSE,Very Positive,84,63,9.99,9.99,0,TRUE
1532460,The Fridge is Red,27-09-2022,TRUE,FALSE,FALSE,Mixed,59,71,14.99,14.99,0,TRUE
1543380,I Fetch Rocks,03-03-2022,TRUE,FALSE,FALSE,Very Positive,98,56,15.99,15.99,0,TRUE
1564090,Landlord of the Woods,17-03-2021,TRUE,TRUE,FALSE,Very Positive,97,333,0.99,0.99,0,TRUE
1567200,The Wolf,25-10-2021,TRUE,TRUE,FALSE,Mostly Positive,77,112,9.99,9.99,0,TRUE
1572040,Through The Fragmentation,13-05-2021,TRUE,FALSE,FALSE,Very Positive,98,108,4.99,4.99,0,TRUE
1594400,GAI Stops Auto: Right Version Simulator,04-06-2021,TRUE,FALSE,FALSE,Very Positive,89,246,2.99,2.99,0,TRUE
1617270,The Faraway Land,15-06-2021,TRUE,FALSE,FALSE,Positive,80,47,11.99,11.99,0,TRUE
1662480,Nuclear Blaze,18-10-2021,TRUE,FALSE,TRUE,Very Positive,96,399,6.99,9.99,30,TRUE
1739300,Smack Studio,20-09-2021,TRUE,FALSE,FALSE,Positive,100,22,14.99,14.99,0,TRUE
1743380,SCP: Doki Doki Anomaly,07-10-2021,TRUE,FALSE,FALSE,Very Positive,92,64,5.99,5.99,0,TRUE
1763920,Impostor Factory Soundtrack,30-09-2021,FALSE,FALSE,FALSE,Positive,100,34,4.99,4.99,0,TRUE
1764820,PYRMD,12-12-2022,TRUE,FALSE,FALSE,Mostly Positive,73,15,7.99,7.99,0,TRUE
237050,Sanctum 2: Ruins of Brightholme,05-09-2013,TRUE,TRUE,TRUE,Positive,83,31,5.99,5.99,0,TRUE
1171370,The Supper,28-01-2020,TRUE,FALSE,FALSE,Overwhelmingly Positive,98,3167,0,0,0,TRUE
1174580,Dying Light - Harran Inmate Bundle,26-11-2019,TRUE,TRUE,TRUE,Very Positive,85,70,0.86,2.99,71,TRUE
1202870,The Heiress of Sorcery,14-08-2020,TRUE,FALSE,TRUE,Very Positive,86,100,4.99,9.99,50,TRUE
1203041,ONE PIECE: PIRATE WARRIORS 4 Land of Wano Pack,16-12-2020,TRUE,FALSE,FALSE,Very Positive,92,52,11.99,11.99,0,TRUE
1216710,Cyber Manhunt,02-02-2021,TRUE,TRUE,FALSE,Very Positive,94,11052,9.99,9.99,0,TRUE
1218920,Sunset Kingdom,17-01-2020,TRUE,TRUE,FALSE,Mostly Positive,75,93,2.99,2.99,0,TRUE
1222690,Dragon Age™ Inquisition,04-06-2020,TRUE,FALSE,FALSE,Mostly Positive,76,10246,39.99,39.99,0,TRUE
1224940,Tropico 6 - Original Soundtrack,06-04-2020,FALSE,FALSE,FALSE,Mostly Positive,75,16,6.99,6.99,0,TRUE
1238100,Titanfall® 2: Monarch's Reign Bundle,18-06-2020,TRUE,FALSE,FALSE,Positive,90,10,24.99,24.99,0,TRUE
1276040,Mini Words: Top Movies,10-04-2020,TRUE,TRUE,FALSE,Very Positive,85,54,0.99,0.99,0,TRUE
1278500,Tower! 3D,31-07-2020,TRUE,FALSE,FALSE,Mixed,61,59,8.99,8.99,0,TRUE
1293900,NOMAD,29-07-2020,TRUE,FALSE,FALSE,Positive,100,28,3.99,3.99,0,TRUE
1300211,DJMAX RESPECT V - BLACK SQUARE PACK,27-05-2020,TRUE,FALSE,FALSE,Very Positive,84,95,19.99,19.99,0,TRUE
1321580,The Horus Heresy: Legions - Starter Bundle,22-07-2020,TRUE,TRUE,FALSE,Mixed,52,21,19.99,19.99,0,TRUE
1338630,Craft The World - Heroes,22-06-2020,TRUE,TRUE,FALSE,Mostly Positive,72,66,3.99,3.99,0,TRUE
1413660,Elderand,16-02-2023,TRUE,FALSE,FALSE,Positive,80,21,16.99,19.99,15,TRUE
1448800,BioCrisis,09-11-2020,TRUE,FALSE,FALSE,Positive,97,40,2.99,2.99,0,TRUE
1489110,Zapling Bygone,05-08-2022,TRUE,FALSE,FALSE,Very Positive,88,75,15.99,15.99,0,TRUE
1532920,Clutter IX: Clutter IXtreme,02-03-2021,TRUE,FALSE,FALSE,Positive,100,10,9.99,9.99,0,TRUE
1208260,Hentai Vs Furries,10-01-2020,TRUE,FALSE,FALSE,Very Positive,90,1769,0.99,0.99,0,TRUE
1273220,Sphere - Flying Cities,13-10-2022,TRUE,FALSE,FALSE,Mixed,51,114,17.99,17.99,0,TRUE
1168680,Cooking Simulator - Cooking with Food Network,24-10-2019,TRUE,FALSE,FALSE,Mixed,68,45,3.14,6.99,55,TRUE
1278170,Big Rumble Boxing: Creed Champions,03-09-2021,TRUE,FALSE,FALSE,Mixed,64,57,39.99,39.99,0,TRUE
1330470,F.I.S.T.: Forged In Shadow Torch,02-10-2021,TRUE,FALSE,FALSE,Very Positive,89,4877,29.99,29.99,0,TRUE
1348390,I am an Air Traffic Controller 4,15-10-2020,TRUE,FALSE,FALSE,Very Positive,84,309,29.99,59.99,50,TRUE
1415420,Lost Castle: The Old Ones Awaken / 失落城堡: 遗迹守护者,28-09-2020,TRUE,TRUE,FALSE,Mostly Positive,73,98,3.99,3.99,0,TRUE
1425730,Gal*Gun Returns,12-02-2021,TRUE,FALSE,FALSE,Very Positive,87,140,49.99,49.99,0,TRUE
1442160,ABYSS OF THE SACRIFICE,16-12-2020,TRUE,FALSE,FALSE,Very Positive,88,162,39.99,39.99,0,TRUE
1458920,Meridian 157: Chapter 1,09-12-2020,TRUE,TRUE,FALSE,Very Positive,93,156,2.99,2.99,0,TRUE
1471530,100 hidden gnomes,02-12-2020,TRUE,FALSE,FALSE,Mostly Positive,76,98,0.99,0.99,0,TRUE
1475420,Puzzling Peaks EXE,02-12-2020,TRUE,FALSE,FALSE,Positive,100,14,2.99,2.99,0,TRUE
1503670,[Chilla's Art] The Caregiver | 終焉介護,02-04-2021,TRUE,FALSE,FALSE,Very Positive,83,265,4.99,4.99,0,TRUE
1519490,The Doors of Trithius,15-08-2021,TRUE,FALSE,FALSE,Very Positive,96,116,14.99,14.99,0,TRUE
1578357,F1® 2021: Braking Point Content Pack,15-07-2021,TRUE,FALSE,FALSE,Very Positive,84,58,4.99,4.99,0,TRUE
1627150,Retro Classix: Joe & Mac Returns,24-06-2021,TRUE,FALSE,FALSE,Positive,92,13,6.99,6.99,0,TRUE
1630580,Legend of Keepers: Return of the Goddess,13-09-2021,TRUE,TRUE,TRUE,Mostly Positive,79,43,5.99,5.99,0,TRUE
1131140,The MoneyMakers Rallye,04-12-2020,TRUE,FALSE,FALSE,Very Positive,87,57,11.99,11.99,0,TRUE
1140660,Fernbus Simulator - Belgium,20-05-2021,TRUE,FALSE,FALSE,Mixed,65,23,9.99,9.99,0,TRUE
1155760,嗜血印 Bloody Spell DLC 女祭司,01-10-2019,TRUE,FALSE,FALSE,Very Positive,84,173,5.99,5.99,0,TRUE
1159030,Euro Truck Simulator 2 - Bulgarian Paint Jobs  Pack,05-12-2019,TRUE,TRUE,TRUE,Very Positive,88,59,0.99,0.99,0,TRUE
1163550,Captain Tsubasa: Rise of New Champions,28-09-2020,TRUE,FALSE,FALSE,Mixed,67,3023,59.99,59.99,0,TRUE
1181770,Beat Saber - Tokyo Machine – 'PLAY',07-11-2019,TRUE,FALSE,FALSE,Positive,87,16,1.99,1.99,0,TRUE
1098340,Zup! 9,24-06-2019,TRUE,FALSE,FALSE,Overwhelmingly Positive,95,1381,1.99,1.99,0,TRUE
1210340,Breakneck City,27-05-2020,TRUE,FALSE,FALSE,Positive,100,11,5.09,14.99,66,TRUE
1232252,Borderlands 3: Gold Weapon Skins Pack,01-04-2020,TRUE,FALSE,FALSE,Mixed,51,27,4.99,4.99,0,TRUE
1258480,Aladdin - Hidden Objects Game,24-04-2020,TRUE,TRUE,FALSE,Positive,86,44,4.99,4.99,0,TRUE
1263820,sok-worlds,11-03-2020,TRUE,TRUE,FALSE,Positive,97,39,2.99,2.99,0,TRUE
1336560,Hashiriya Drifter-Online Drift Racing Multiplayer (DRIFT/DRAG/RACING),10-07-2020,TRUE,TRUE,TRUE,Mostly Positive,71,1202,4.99,4.99,0,TRUE
1342070,The Triumphant Return of Diabolos,10-06-2022,TRUE,FALSE,FALSE,Mostly Positive,70,37,15.99,19.99,20,TRUE
1355650,Filcher,14-09-2021,TRUE,FALSE,FALSE,Very Positive,96,113,9.99,9.99,0,TRUE
1365390,Facility 47,14-09-2020,TRUE,FALSE,FALSE,Very Positive,86,52,4.99,4.99,0,TRUE
1414000,Obscurite Magie: The City of Sin,19-11-2021,TRUE,FALSE,FALSE,Mostly Positive,70,55,14.99,19.99,25,TRUE
1425130,Forgotten Hill First Steps,10-06-2021,TRUE,TRUE,FALSE,Very Positive,96,78,2.99,2.99,0,TRUE
1457510,The Legend of Heroes: Sen no Kiseki IV -THE END OF SAGA-,22-12-2021,TRUE,FALSE,FALSE,Very Positive,88,161,44.99,44.99,0,TRUE
1475430,天师,04-01-2022,TRUE,FALSE,FALSE,Mixed,60,358,8.99,8.99,0,TRUE
1324000,Holdfast: Nations At War - Regiments of the Line,03-07-2020,TRUE,FALSE,FALSE,Positive,96,33,6.99,6.99,0,TRUE
1778500,Dee's Nuts,21-10-2021,TRUE,FALSE,FALSE,Very Positive,98,53,0.99,0.99,0,TRUE
1797973,MONSTER HUNTER RISE - Hunter Voice: Hinoa the Quest Maiden,12-01-2022,TRUE,FALSE,FALSE,Positive,100,42,2.99,2.99,0,TRUE
1866430,Rhapsody: A Musical Adventure,30-08-2022,TRUE,FALSE,FALSE,Very Positive,96,50,19.99,19.99,0,TRUE
1902820,Virtual AI - Lily,04-05-2022,TRUE,FALSE,FALSE,Positive,81,11,19.99,19.99,0,TRUE
1926170,Forgotten Hill Tales,27-04-2022,TRUE,TRUE,FALSE,Positive,88,45,2.99,2.99,0,TRUE
1943370,Invercity,09-11-2022,TRUE,FALSE,FALSE,Positive,100,20,14.99,14.99,0,TRUE
44620,STCC The Game 2 – Expansion Pack for RACE 07,08-04-2011,TRUE,FALSE,FALSE,Positive,92,13,3.99,3.99,0,TRUE
320351,RER2 Episode Four: Metamorphosis,17-03-2015,TRUE,FALSE,FALSE,Very Positive,80,63,5.99,5.99,0,TRUE
2009860,Tower Escape,15-02-2023,TRUE,TRUE,TRUE,Very Positive,88,60,7.19,7.99,10,TRUE
1952760,RGB Rush,20-04-2022,TRUE,FALSE,FALSE,Very Positive,95,114,5.99,5.99,0,TRUE
1982490,Touhou Mystia's Izakaya - Soundtrack 3,14-05-2022,FALSE,FALSE,FALSE,Positive,100,11,2.99,2.99,0,TRUE
2139271,Call of Duty League™ - Seattle Surge Pack 2023,29-11-2022,TRUE,FALSE,FALSE,Positive,88,17,9.99,9.99,0,TRUE
2198872,theHunter Call of the Wild™ - New England Veteran Cosmetic Pack,06-12-2022,TRUE,FALSE,FALSE,Mixed,46,50,2.39,2.99,20,TRUE
2232290,From The Rain,19-12-2022,TRUE,FALSE,FALSE,Positive,91,23,2.99,2.99,0,TRUE
1624830,Path of Sacrifice,23-06-2021,TRUE,FALSE,FALSE,Very Positive,92,94,3.99,3.99,0,TRUE
1705150,SKULL CHAINZ,30-10-2022,TRUE,FALSE,FALSE,Positive,96,26,9.99,9.99,0,TRUE
1713870,ATOM RPG Trudograd - Supporter Pack,13-09-2021,TRUE,TRUE,TRUE,Positive,100,18,5.99,5.99,0,TRUE
1733060,Ever Seen A Cat?,18-01-2022,TRUE,FALSE,FALSE,Very Positive,99,426,1.99,1.99,0,TRUE
1824010,QuaQua,04-02-2022,TRUE,TRUE,TRUE,Positive,100,10,1.99,1.99,0,TRUE
1851020,River City Girls Zero,21-09-2022,TRUE,FALSE,FALSE,Very Positive,81,76,10.49,14.99,30,TRUE
1073320,Meteorfall: Krumit's Tale,22-07-2020,TRUE,TRUE,FALSE,Very Positive,92,627,14.99,14.99,0,TRUE
1643260,Rogue Company - Year 1 Pass,20-07-2021,TRUE,FALSE,FALSE,Positive,81,11,24.99,24.99,0,TRUE
1689810,Super Robot Wars 30 - Bonus Mission Pack,27-10-2021,TRUE,FALSE,FALSE,Positive,84,19,4.99,4.99,0,TRUE
1707400,Larcin Lazer,24-01-2023,TRUE,FALSE,FALSE,Very Positive,100,173,9.99,9.99,0,TRUE
1740660,Miraculous: Rise of the Sphinx,25-10-2022,TRUE,FALSE,FALSE,Mixed,48,47,49.99,49.99,0,TRUE
1855500,Neko Doll,04-02-2022,TRUE,FALSE,FALSE,Very Positive,84,76,1.99,1.99,0,TRUE
1968340,Project Gunship,31-08-2022,TRUE,FALSE,FALSE,Very Positive,85,251,14.99,14.99,0,TRUE
1198060,Christmas Stories: Enchanted Express Collector's Edition,06-12-2019,TRUE,FALSE,FALSE,Positive,86,22,9.99,9.99,0,TRUE
1969060,Path of the Midnight Sun,10-01-2023,TRUE,FALSE,FALSE,Very Positive,88,71,24.99,24.99,0,TRUE
1969100,MIGHT'N MOW'EM,24-10-2022,TRUE,FALSE,TRUE,Mostly Positive,72,84,2.99,2.99,0,TRUE
2007050,Penguins Can Fly,19-07-2022,TRUE,FALSE,FALSE,Positive,83,12,2.99,2.99,0,TRUE
2053360,PUTRID SHOT ULTRA,07-11-2022,TRUE,FALSE,FALSE,Positive,100,21,2.99,2.99,0,TRUE
2074940,Phantom Alchemy ~Silvia's Dynamic Urban Planning~,06-01-2023,TRUE,FALSE,FALSE,Mixed,60,23,11.99,11.99,0,TRUE
2091250,Koishi Navigation Desktop Youkai,02-08-2022,TRUE,FALSE,FALSE,Overwhelmingly Positive,96,530,0,0,0,TRUE
2105000,Super Choppy Orc,16-11-2022,TRUE,FALSE,FALSE,Positive,100,20,4.99,4.99,0,TRUE
1250520,Love Spell: Written In The Stars - a magical romantic-comedy otome,24-07-2020,TRUE,FALSE,FALSE,Very Positive,94,100,18.99,18.99,0,TRUE
1135432,Wreckfest - Modified Monsters Car Pack,17-12-2019,TRUE,FALSE,FALSE,Mostly Positive,70,41,3.99,3.99,0,TRUE
203766,Binary Domain - Multiplayer Map Pack,01-06-2012,TRUE,FALSE,FALSE,Mixed,50,12,1.99,1.99,0,TRUE
1485070,Esse Proxy,11-07-2022,TRUE,FALSE,FALSE,Mostly Positive,75,91,19.99,19.99,0,TRUE
1514860,SuchArt - Supporter Pack,14-07-2021,TRUE,FALSE,FALSE,Positive,97,38,5.99,5.99,0,TRUE
1520710,Entodrive,15-02-2022,TRUE,FALSE,TRUE,Mostly Positive,73,15,5.99,5.99,0,TRUE
1532800,Squirrel Divorce,11-02-2021,TRUE,FALSE,FALSE,Positive,91,12,1.99,1.99,0,TRUE
1573750,100 hidden mushrooms,23-03-2021,TRUE,FALSE,FALSE,Very Positive,95,212,0.99,0.99,0,TRUE
1586840,ppL,21-06-2021,TRUE,FALSE,FALSE,Very Positive,89,65,5.99,5.99,0,TRUE
809140,Cliff Empire,06-08-2019,TRUE,FALSE,FALSE,Very Positive,87,3652,14.99,14.99,0,TRUE
1604780,Lovely Planet Remix,12-11-2021,TRUE,TRUE,FALSE,Positive,96,31,6.99,6.99,0,TRUE
1614270,Submerged: Hidden Depths,09-03-2022,TRUE,FALSE,FALSE,Very Positive,94,159,29.99,29.99,0,TRUE
1617870,Chef: Eastern Asian Cuisine,26-05-2021,TRUE,FALSE,FALSE,Positive,81,11,5.99,5.99,0,TRUE
1652710,MouseBot: Escape from CatLab,21-07-2021,TRUE,FALSE,FALSE,Positive,84,19,4.99,4.99,0,TRUE
1658870,New Home: Medieval Village,14-01-2022,TRUE,FALSE,FALSE,Mixed,63,127,19.99,19.99,0,TRUE
1737350,World of Tanks — Rugged Mountaineer Pack,13-09-2021,TRUE,FALSE,FALSE,Positive,83,37,49.99,49.99,0,TRUE
1745280,Magitek VR,11-10-2022,TRUE,FALSE,FALSE,Positive,87,16,14.99,14.99,0,TRUE
1791690,Legend of Keepers: Feed the Troll,26-01-2022,TRUE,TRUE,TRUE,Mostly Positive,72,25,5.99,5.99,0,TRUE
1817560,VOIDCRISIS,26-10-2022,TRUE,FALSE,FALSE,Mixed,53,109,29.99,29.99,0,TRUE
1832950,One More Gate : A Wakfu Legend,11-10-2022,TRUE,TRUE,FALSE,Very Positive,85,177,18.99,18.99,0,TRUE
1523510,Cave Digger 2: Dig Harder,08-09-2022,TRUE,FALSE,FALSE,Very Positive,85,56,24.99,24.99,0,TRUE
1537870,Life is Strange Remastered Collection 'Zombie Crypt' Outfit,30-09-2021,TRUE,FALSE,FALSE,Positive,85,14,3.99,3.99,0,TRUE
1547380,KINGDOM of the DEAD,10-02-2022,TRUE,FALSE,FALSE,Very Positive,81,170,14.99,14.99,0,TRUE
1594460,I See Red,24-10-2022,TRUE,FALSE,FALSE,Positive,90,44,9.99,9.99,0,TRUE
1641830,Axis Football 2021,26-08-2021,TRUE,TRUE,TRUE,Mixed,64,120,14.99,14.99,0,TRUE
1642040,BzzzController,05-06-2021,TRUE,FALSE,FALSE,Positive,85,21,0.99,0.99,0,TRUE
1663640,The Last Oricru,13-10-2022,TRUE,FALSE,FALSE,Mixed,69,197,39.99,39.99,0,TRUE
1714320,Find Love or Die Trying,16-09-2021,TRUE,TRUE,TRUE,Overwhelmingly Positive,96,8149,0,0,0,TRUE
1726520,Cyber Hook - Lost Numbers DLC,06-01-2022,TRUE,FALSE,FALSE,Mostly Positive,74,98,5.99,5.99,0,TRUE
1436950,Sid Meier's Civilization® VI: Vietnam & Kublai Khan Pack,28-01-2021,TRUE,TRUE,TRUE,Mixed,64,100,9,0,0,TRUE
1761900,EXOME,16-12-2022,TRUE,FALSE,FALSE,Very Positive,81,137,14.99,14.99,0,TRUE
1840660,Mad Adventures,22-11-2022,TRUE,FALSE,FALSE,Very Positive,93,829,0,0,0,TRUE
1965800,Dice Tribes: Ambitions,15-06-2022,TRUE,TRUE,TRUE,Very Positive,100,58,9.99,9.99,0,TRUE
1969820,Legacy of Sin blood oath,01-09-2022,TRUE,TRUE,TRUE,Positive,95,20,19.99,19.99,0,TRUE
2019730,3DMark Speed Way Upgrade,12-10-2022,TRUE,FALSE,FALSE,Mixed,50,26,4.99,4.99,0,TRUE
2085360,Insomnia: Theater in the Head,15-12-2022,TRUE,TRUE,FALSE,Overwhelmingly Positive,97,826,2.49,2.49,0,TRUE
2089350,Hatsune Miku Logic Paint S,19-11-2022,TRUE,FALSE,FALSE,Very Positive,93,468,13.99,13.99,0,TRUE
2091500,Warlords Under Siege,02-12-2022,TRUE,FALSE,FALSE,Very Positive,83,216,4.99,4.99,0,TRUE
1536080,Sword and Fairy 3 Ex,14-04-2021,TRUE,FALSE,FALSE,Very Positive,83,309,7.99,7.99,0,TRUE
1574910,The Bart Bonte collection,03-05-2021,TRUE,FALSE,FALSE,Very Positive,98,61,9.99,9.99,0,TRUE
1620720,The Forest Quartet,08-12-2022,TRUE,FALSE,FALSE,Positive,91,34,9.99,9.99,0,TRUE
1665500,Hypnagogia 無限の夢 Boundless Dreams,29-10-2021,TRUE,TRUE,TRUE,Very Positive,97,249,9.99,9.99,0,TRUE
1683690,Skiing VR,02-03-2022,TRUE,FALSE,FALSE,Positive,86,22,9.74,14.99,35,TRUE
1685510,Couch Combat,13-07-2022,TRUE,TRUE,TRUE,Mostly Positive,73,23,9.99,9.99,0,TRUE
1690440,Another Tomorrow,14-02-2022,TRUE,TRUE,FALSE,Positive,93,29,11.99,11.99,0,TRUE
1694600,THE HOUSE OF THE DEAD: Remake,28-04-2022,TRUE,FALSE,FALSE,Mostly Positive,73,1150,24.99,24.99,0,TRUE
1215050,Car Mechanic Simulator 2018 - Mercedes-Benz DLC,15-01-2020,TRUE,TRUE,FALSE,Positive,95,43,6.99,6.99,0,TRUE
1709180,Solitaire Expeditions,23-07-2022,TRUE,FALSE,FALSE,Positive,96,28,11.99,11.99,0,TRUE
1723560,Ballads of Hongye,14-11-2022,TRUE,FALSE,FALSE,Mixed,57,622,9.99,9.99,0,TRUE
1734470,ROUGH KUTS: The Thirsty Dead,23-09-2021,TRUE,FALSE,FALSE,Positive,81,11,0.99,0.99,0,TRUE
1781960,Sigil of the Magi,20-10-2022,TRUE,FALSE,FALSE,Positive,88,18,14.99,14.99,0,TRUE
1798067,MONSTER HUNTER RISE - 'Li'l Wingdrake' Cohoot outfit,12-01-2022,TRUE,FALSE,FALSE,Positive,87,33,0.99,0.99,0,TRUE
1858560,Touhou Monster TD ~ Nagae Iku DLC,14-01-2022,TRUE,TRUE,TRUE,Positive,100,10,4.99,4.99,0,TRUE
1861290,Devil Spire,02-02-2022,TRUE,FALSE,FALSE,Very Positive,94,206,9.99,9.99,0,TRUE
1137540,Ultimate Fishing Simulator - VR DLC,30-08-2019,TRUE,FALSE,FALSE,Mostly Positive,72,11,9.99,9.99,0,TRUE
22430,Fallout 3 - Mothership Zeta,16-07-2010,TRUE,FALSE,FALSE,Mostly Positive,72,66,4.99,4.99,0,TRUE
38410,Fallout 2: A Post Nuclear Role Playing Game,19-08-2009,TRUE,FALSE,FALSE,Very Positive,94,9270,9.99,9.99,0,TRUE
38450,MDK,17-09-2009,TRUE,FALSE,FALSE,Mostly Positive,75,269,9.99,9.99,0,TRUE
41070,Serious Sam 3: BFE,22-11-2011,TRUE,TRUE,TRUE,Very Positive,88,19214,29.99,29.99,0,TRUE
99612,Civilization V - Civ and Scenario Pack: Korea,11-08-2011,TRUE,TRUE,TRUE,Mixed,57,192,4.99,4.99,0,TRUE
112100,Avadon: The Black Fortress,17-08-2011,TRUE,TRUE,TRUE,Very Positive,82,387,9.99,9.99,0,TRUE
200080,Nancy Drew®: Shadow at the Water's Edge,15-09-2011,TRUE,TRUE,FALSE,Very Positive,80,270,6.99,6.99,0,TRUE
227200,Waking Mars,13-12-2012,TRUE,TRUE,TRUE,Very Positive,88,615,9.99,9.99,0,TRUE
269310,Infectonator: Survivors,08-08-2016,TRUE,TRUE,FALSE,Mixed,68,847,9.99,9.99,0,TRUE
287070,Battle Academy,16-04-2014,TRUE,FALSE,FALSE,Very Positive,86,189,14.99,14.99,0,TRUE
297860,Split/Second,06-10-2014,TRUE,FALSE,FALSE,Mostly Positive,79,1211,19.99,19.99,0,TRUE
301760,Disney•Pixar Cars 2: The Video Game,06-10-2014,TRUE,FALSE,FALSE,Mostly Positive,76,390,5.99,19.99,70,TRUE
329650,NAM,06-11-2014,TRUE,TRUE,TRUE,Mostly Positive,79,170,6.99,6.99,0,TRUE
335420,ルナティックドーン 前途への道標,08-01-2015,TRUE,FALSE,FALSE,Positive,88,42,15.99,15.99,0,TRUE
351100,Niffelheim,26-09-2018,TRUE,TRUE,TRUE,Mostly Positive,74,1686,3.99,19.99,80,TRUE
1636840,Predator: Hunting Grounds - Isabelle DLC Pack,29-06-2021,TRUE,FALSE,FALSE,Positive,90,10,6.99,6.99,0,TRUE
986280,Lingua Fleur: Lily,29-03-2019,TRUE,FALSE,FALSE,Very Positive,97,167,4.99,4.99,0,TRUE
992910,The Black Masses,12-03-2020,TRUE,FALSE,FALSE,Mixed,67,873,19.99,19.99,0,TRUE
1010750,Blood™ Fresh Supply,09-05-2019,TRUE,FALSE,FALSE,Overwhelmingly Positive,95,4625,9.99,9.99,0,TRUE
1016250,100$,01-02-2019,TRUE,FALSE,FALSE,Very Positive,85,80,0.99,0.99,0,TRUE
1019310,VirtuaVerse,12-05-2020,TRUE,TRUE,TRUE,Very Positive,83,833,14.99,14.99,0,TRUE
1028894,Warhammer 40000: Inquisitor - Martyr - Desperate Crusade,18-04-2019,TRUE,FALSE,FALSE,Mixed,58,12,2.99,2.99,0,TRUE
1029630,Power & Revolution 2019 Edition,12-03-2019,TRUE,TRUE,FALSE,Mixed,61,1150,49.99,49.99,0,TRUE
1047440,DATE A LIVE: Rio Reincarnation,23-07-2019,TRUE,FALSE,FALSE,Very Positive,94,2120,39.99,39.99,0,TRUE
1097710,The Grim and I,08-08-2019,TRUE,TRUE,TRUE,Positive,93,16,5.99,5.99,0,TRUE
1112830,The Watchers,06-02-2020,TRUE,TRUE,FALSE,Mostly Positive,77,297,4.99,4.99,0,TRUE
1125910,Crowns and Pawns: Kingdom of Deceit,06-05-2022,TRUE,TRUE,TRUE,Very Positive,83,230,19.99,19.99,0,TRUE
1133120,Ecosystem,16-03-2021,TRUE,FALSE,FALSE,Very Positive,83,260,19.99,19.99,0,TRUE
465070,TRIZEAL Remix,07-07-2016,TRUE,FALSE,FALSE,Positive,90,22,11.99,11.99,0,TRUE
1144400,Senren＊Banka,14-02-2020,TRUE,FALSE,FALSE,Overwhelmingly Positive,99,11410,34.99,34.99,0,TRUE
1182920,Movavi Video Editor Plus 2020 - Video Editing Software,25-11-2019,TRUE,TRUE,FALSE,Very Positive,80,874,74.99,74.99,0,TRUE
1191210,Seek Girl Ⅲ,05-12-2019,TRUE,FALSE,FALSE,Very Positive,83,2537,0.99,0.99,0,TRUE
205636,Tropico 4: Apocalypse,07-02-2013,TRUE,FALSE,FALSE,Mixed,63,30,2.99,2.99,0,TRUE
2093320,Coloring Pixels - Bakery Pack,12-08-2022,TRUE,TRUE,FALSE,Positive,100,11,0.99,0.99,0,TRUE
2105980,会计模拟器,21-11-2022,TRUE,TRUE,FALSE,Very Positive,81,66,19.99,19.99,0,TRUE
2109610,Police Radar,02-09-2022,TRUE,FALSE,FALSE,Positive,94,17,1.09,10.99,90,TRUE
2158500,Monster Girl2,18-01-2023,TRUE,FALSE,FALSE,Very Positive,80,555,0,0,0,TRUE
2203060,蜀山：初章 - 豪华版升级包,17-11-2022,TRUE,FALSE,FALSE,Mixed,65,112,7.99,7.99,0,TRUE
2233890,Prison Wars,06-01-2023,TRUE,FALSE,FALSE,Positive,92,14,1.99,1.99,0,TRUE
1267540,WRC 9 FIA World Rally Championship,16-09-2021,TRUE,FALSE,FALSE,Mostly Positive,78,315,29.99,29.99,0,TRUE
1272450,Mahjong Deluxe,20-05-2020,TRUE,FALSE,FALSE,Positive,85,21,2.99,2.99,0,TRUE
1294060,铁道少女:梦想轨迹 2.0 Railway To Dream,27-04-2021,TRUE,TRUE,FALSE,Very Positive,98,108,6.99,6.99,0,TRUE
1327430,Pinku Kult Hex Mortis,31-05-2022,TRUE,FALSE,FALSE,Positive,95,24,9.99,9.99,0,TRUE
1371400,Monster Hunter: World - The Handler's Cute Demoness Costume,15-10-2020,TRUE,FALSE,FALSE,Very Positive,98,111,2.99,2.99,0,TRUE
1385650,Hot Pot For One,12-06-2021,TRUE,FALSE,FALSE,Mostly Positive,72,126,2.99,2.99,0,TRUE
1386620,Anuchard,21-04-2022,TRUE,FALSE,FALSE,Positive,90,44,4.94,14.99,67,TRUE
1388860,Unmemory,13-10-2020,TRUE,TRUE,TRUE,Very Positive,83,54,9.99,9.99,0,TRUE
1418230,Steel Division 2 - Nemesis #2 - Lvov Offensive,19-11-2020,TRUE,FALSE,FALSE,Mostly Positive,73,46,4.99,4.99,0,TRUE
557240,Afterlife,16-11-2018,TRUE,TRUE,FALSE,Positive,85,21,2.09,5.99,65,TRUE
1496640,Scrapping Simulator,31-12-2020,TRUE,FALSE,FALSE,Positive,100,21,12.99,12.99,0,TRUE
1549180,Propnight,01-12-2021,TRUE,FALSE,FALSE,Mixed,67,12010,9.99,9.99,0,TRUE
1562870,Mind Rite,19-02-2022,TRUE,FALSE,FALSE,Positive,81,27,5.24,6.99,25,TRUE
211160,Viking: Battle for Asgard,17-10-2012,TRUE,FALSE,FALSE,Mixed,56,842,14.99,14.99,0,TRUE
1851340,Neon Abyss - Chrono Trap,27-01-2022,TRUE,FALSE,FALSE,Positive,84,25,3.99,3.99,0,TRUE
1859360,Dungeon Village,27-03-2022,TRUE,FALSE,FALSE,Very Positive,88,383,8.99,8.99,0,TRUE
2000110,Glory of war,11-08-2022,TRUE,FALSE,FALSE,Mixed,69,137,0,0,0,TRUE
2077590,Sidestep Legends,09-01-2023,TRUE,FALSE,FALSE,Mostly Positive,76,13,2.99,2.99,0,TRUE
2119490,TRAHA Global,01-11-2022,TRUE,FALSE,FALSE,Mixed,52,1172,0,0,0,TRUE
2131350,My Coworker is an Idiot,08-12-2022,TRUE,FALSE,FALSE,Positive,91,37,1.99,1.99,0,TRUE
2210140,Assassin's Creed® Valhalla - Dawn of Ragnarök,06-12-2022,TRUE,FALSE,FALSE,Mostly Positive,78,32,39.99,39.99,0,TRUE
871570,Summer Memory of Bell,23-07-2018,TRUE,TRUE,TRUE,Very Positive,95,150,2.99,2.99,0,TRUE
882790,Fate Seeker,07-08-2018,TRUE,FALSE,FALSE,Very Positive,91,11089,21.09,21.09,0,TRUE
909610,SYNTHETIK - Supporter Pack,03-10-2018,TRUE,FALSE,FALSE,Very Positive,100,50,4.99,4.99,0,TRUE
918670,Jewel Match Twilight Solitaire,13-09-2018,TRUE,FALSE,FALSE,Very Positive,95,82,9.99,9.99,0,TRUE
959860,The Valiant,19-10-2022,TRUE,FALSE,FALSE,Mixed,61,125,39.99,39.99,0,TRUE
995770,100% Orange Juice - Toy Store Pack,14-12-2018,TRUE,FALSE,FALSE,Very Positive,92,51,3.99,3.99,0,TRUE
1006220,Type Knight,24-10-2019,TRUE,FALSE,TRUE,Very Positive,91,105,4.99,4.99,0,TRUE
1015720,Alternate DiMansion Diary,23-05-2019,TRUE,FALSE,FALSE,Very Positive,87,346,4.99,9.99,50,TRUE
1034720,GreedFall - Adventurer’s Gear DLC,09-09-2019,TRUE,FALSE,FALSE,Very Positive,81,72,2.99,2.99,0,TRUE
512260,Avalon Legends Solitaire 2,04-10-2016,TRUE,TRUE,FALSE,Very Positive,88,50,9.99,9.99,0,TRUE
1034750,The Flower Collectors,21-04-2020,TRUE,FALSE,FALSE,Mostly Positive,78,108,19.99,19.99,0,TRUE
1051380,Farm Together - Oxygen Pack,30-05-2019,TRUE,TRUE,TRUE,Positive,90,32,3.99,3.99,0,TRUE
1065970,狼と香辛料VR/Spice&WolfVR,03-06-2019,TRUE,FALSE,FALSE,Very Positive,92,878,24.99,24.99,0,TRUE
1067220,RoboCo,03-11-2022,TRUE,FALSE,FALSE,Very Positive,93,83,15.99,19.99,20,TRUE
346470,Tennis Elbow 2013,13-03-2015,TRUE,TRUE,FALSE,Very Positive,93,606,14.99,14.99,0,TRUE
447310,Paper Train Traffic,04-03-2016,TRUE,FALSE,TRUE,Mostly Positive,77,79,1.49,2.99,50,TRUE
449393,LEGO® MARVEL's Avengers DLC - Marvel’s Ant-Man Pack,05-07-2016,TRUE,FALSE,FALSE,Mixed,45,59,2.99,2.99,0,TRUE
485120,Frog Climbers,06-10-2016,TRUE,FALSE,FALSE,Very Positive,89,68,6.99,6.99,0,TRUE
490930,Need to Know,28-08-2018,TRUE,TRUE,TRUE,Mostly Positive,75,149,14.99,14.99,0,TRUE
518030,Aim Hero,05-09-2016,TRUE,FALSE,FALSE,Very Positive,85,5536,4.99,4.99,0,TRUE
529830,Game Character Hub: Portfolio Edition,28-10-2016,TRUE,TRUE,TRUE,Mixed,65,84,24.99,24.99,0,TRUE
539720,Razortron 2000,10-08-2016,TRUE,FALSE,FALSE,Very Positive,86,1407,0.99,0.99,0,TRUE
555060,Final Soccer VR,17-11-2016,TRUE,FALSE,FALSE,Mostly Positive,75,95,19.99,19.99,0,TRUE
559910,Terroir,20-09-2017,TRUE,TRUE,TRUE,Mostly Positive,74,315,7.99,7.99,0,TRUE
562386,Train Simulator: New Haven E-33 Loco Add-On,25-08-2017,TRUE,FALSE,FALSE,Positive,90,20,19.99,19.99,0,TRUE
605450,In Death,02-10-2018,TRUE,FALSE,FALSE,Very Positive,84,884,29.99,29.99,0,TRUE
704010,LongStory,06-12-2017,TRUE,TRUE,FALSE,Mostly Positive,72,83,14.99,14.99,0,TRUE
769840,Muddledash,10-07-2018,TRUE,TRUE,FALSE,Positive,92,38,5.99,5.99,0,TRUE
770972,Monster Hunter: World - The Handler's Busy Bee Dress,25-04-2019,TRUE,FALSE,FALSE,Mixed,66,45,2.99,2.99,0,TRUE
1155660,The Deed II,29-05-2020,TRUE,FALSE,FALSE,Very Positive,86,58,3.99,3.99,0,TRUE
797400,Railroad Corporation,18-11-2019,TRUE,FALSE,FALSE,Mostly Positive,75,871,34.99,34.99,0,TRUE
824200,The Bell Chimes for Gold,06-04-2018,TRUE,FALSE,FALSE,Positive,80,10,4.99,9.99,50,TRUE
832720,Dungeon Brewmaster,23-05-2018,TRUE,FALSE,FALSE,Mixed,64,74,9.99,9.99,0,TRUE
347213,Euro Truck Simulator 2 - Russian Paint Jobs Pack,23-03-2015,TRUE,TRUE,TRUE,Very Positive,85,439,0.99,0.99,0,TRUE
797280,The Surge - Cutting Edge Pack,17-04-2018,TRUE,FALSE,FALSE,Very Positive,96,81,24.99,0,0,TRUE
33780,Drakensang - Phileasson's Secret,13-05-2011,TRUE,FALSE,FALSE,Mostly Positive,79,68,9.99,9.99,0,TRUE
38600,Faerie Solitaire,17-09-2010,TRUE,TRUE,FALSE,Very Positive,90,1328,14.99,14.99,0,TRUE
39550,SpellForce 2 - Anniversary Edition,29-10-2009,TRUE,FALSE,FALSE,Mostly Positive,72,764,14.99,14.99,0,TRUE
204240,The Bridge,22-02-2013,TRUE,TRUE,TRUE,Very Positive,88,3160,9.99,9.99,0,TRUE
225820,Borderlands 2: Commando Madness Pack,22-01-2013,TRUE,TRUE,TRUE,Mixed,59,67,0.99,0.99,0,TRUE
253750,Ikaruga,18-02-2014,TRUE,FALSE,FALSE,Very Positive,94,1851,9.99,9.99,0,TRUE
256190,Enemy Front,10-06-2014,TRUE,FALSE,FALSE,Mixed,64,3022,19.99,19.99,0,TRUE
261030,The Walking Dead: Season Two,17-12-2013,TRUE,TRUE,FALSE,Overwhelmingly Positive,96,20870,14.99,14.99,0,TRUE
270570,Reversion - The Escape (1st Chapter),10-06-2014,TRUE,FALSE,FALSE,Very Positive,81,144,0.99,0.99,0,TRUE
283080,Super Chibi Knight,24-06-2015,TRUE,TRUE,TRUE,Very Positive,88,294,4.99,4.99,0,TRUE
304350,Wildlife Park 2,17-07-2014,TRUE,FALSE,FALSE,Mixed,69,450,6.99,6.99,0,TRUE
308600,Gene Shift Auto,23-05-2017,TRUE,FALSE,TRUE,Very Positive,81,2181,0,0,0,TRUE
313020,Soul Gambler,10-07-2014,TRUE,FALSE,FALSE,Very Positive,87,2105,2.99,2.99,0,TRUE
316441,DW8XLCE - SPECIAL COSTUME PACK 2,06-08-2014,TRUE,FALSE,FALSE,Positive,96,31,7.99,7.99,0,TRUE
327740,TRON 2.0,10-10-2014,TRUE,FALSE,FALSE,Very Positive,89,510,2.49,9.99,75,TRUE
346180,David.,16-02-2015,TRUE,TRUE,FALSE,Mostly Positive,78,564,0.57,1.99,71,TRUE
358930,Star Control III,19-10-2017,TRUE,FALSE,FALSE,Mixed,50,24,3.99,3.99,0,TRUE
1895130,Darza's Dominion,21-04-2022,TRUE,FALSE,FALSE,Mixed,62,906,0,0,0,TRUE
1926440,Twin Edge,27-06-2022,TRUE,TRUE,TRUE,Positive,96,27,9.99,9.99,0,TRUE
1934990,Senpai and the Mysterious Dungeon,30-09-2022,TRUE,FALSE,FALSE,Mostly Positive,70,27,13.99,13.99,0,TRUE
1947131,War Thunder - Type 96A Prototype Pack,24-03-2022,TRUE,TRUE,TRUE,Mostly Positive,77,22,59.99,59.99,0,TRUE
1971260,Olgob The Bold,20-01-2023,TRUE,FALSE,FALSE,Positive,90,11,4.99,4.99,0,TRUE
1973610,建安外史 The Tales of Jian An,01-11-2022,TRUE,TRUE,FALSE,Very Positive,83,111,17.99,17.99,0,TRUE
1991850,Navy War: Battleship Games,07-07-2022,TRUE,TRUE,TRUE,Mixed,60,80,0,0,0,TRUE
2013900,100 hidden turtles,03-09-2022,TRUE,FALSE,FALSE,Very Positive,97,155,2.99,2.99,0,TRUE
2050050,Rift Loopers,22-09-2022,TRUE,FALSE,FALSE,Mostly Positive,75,73,4.99,4.99,0,TRUE
2076850,Keyboard Warrior: Dreamstate,23-07-2022,TRUE,FALSE,TRUE,Positive,100,11,4.99,4.99,0,TRUE
1895300,Shinobi Warfare,14-06-2022,TRUE,FALSE,FALSE,Overwhelmingly Positive,95,1668,0,0,0,TRUE
1932160,Neptunia: Sisters VS Sisters,24-01-2023,TRUE,FALSE,FALSE,Very Positive,89,379,49.99,49.99,0,TRUE
1149550,Utawarerumono: Mask of Deception,23-01-2020,TRUE,FALSE,FALSE,Very Positive,92,1005,39.99,39.99,0,TRUE
1150730,Island SAGA,19-05-2020,TRUE,FALSE,TRUE,Very Positive,86,250,19.99,19.99,0,TRUE
1998750,Guilty Gear -Strive- Original Soundtrack Necessary Discrepancy Disc 2,26-05-2022,FALSE,FALSE,FALSE,Positive,96,27,10.99,10.99,0,TRUE
1170970,Marbles on Stream,06-11-2019,TRUE,FALSE,FALSE,Very Positive,86,1510,0,0,0,TRUE
1180900,SGS Winter War,15-07-2020,TRUE,TRUE,FALSE,Positive,87,40,19.99,19.99,0,TRUE
1204470,Space Elite Force II,03-02-2020,TRUE,FALSE,TRUE,Very Positive,92,79,4.99,4.99,0,TRUE
1206720,kraken's curse,17-01-2020,TRUE,TRUE,FALSE,Positive,83,31,2.99,2.99,0,TRUE
1247270,Divinity: Original Sin 2 - Official Soundtrack,01-09-2017,FALSE,FALSE,FALSE,Very Positive,98,54,4.99,4.99,0,TRUE
1254860,World Championship Boxing Manager™,12-05-2020,TRUE,FALSE,FALSE,Mixed,68,22,6.99,6.99,0,TRUE
1267470,Warriors of the Nile,07-08-2020,TRUE,FALSE,FALSE,Mostly Positive,79,2351,12.99,12.99,0,TRUE
1273260,Corpse Party (2021),20-10-2021,TRUE,TRUE,TRUE,Overwhelmingly Positive,95,522,19.99,19.99,0,TRUE
1273790,Empires and Tribes,01-05-2020,TRUE,TRUE,FALSE,Mostly Positive,71,239,24.99,24.99,0,TRUE
1291330,Wakamarina Valley New Zealand,11-05-2020,TRUE,FALSE,FALSE,Very Positive,81,88,6.99,6.99,0,TRUE
1297790,Sunday Rivals,16-05-2022,TRUE,FALSE,FALSE,Very Positive,93,207,19.99,19.99,0,TRUE
1328920,Mira and the Mysteries of Alchemy,15-10-2020,TRUE,FALSE,FALSE,Mostly Positive,72,88,12.99,19.99,35,TRUE
1345760,Matchpoint - Tennis Championships,07-07-2022,TRUE,FALSE,FALSE,Mostly Positive,70,84,39.99,39.99,0,TRUE
214590,Fairy Bloom Freesia,17-10-2012,TRUE,FALSE,FALSE,Very Positive,90,552,7.99,7.99,0,TRUE
1367420,One Line Coloring,20-08-2020,TRUE,FALSE,FALSE,Positive,86,23,4.99,4.99,0,TRUE
1454050,Tour de France 2021,03-06-2021,TRUE,FALSE,FALSE,Very Positive,82,51,39.99,39.99,0,TRUE
1464060,​Our Life: Beginnings & Always - Step 1 Expansion,16-11-2020,TRUE,FALSE,TRUE,Positive,100,40,3.99,3.99,0,TRUE
1235762,The Sims™ 4 Toddler Stuff,18-06-2020,TRUE,FALSE,FALSE,Mixed,41,17,9.99,9.99,0,TRUE
1497820,Golden Rails: Small Town Story,14-01-2021,TRUE,FALSE,FALSE,Positive,100,23,6.99,6.99,0,TRUE
1526010,Panzer Corps 2: Axis Operations - 1941,18-03-2021,TRUE,FALSE,FALSE,Positive,86,29,9.99,9.99,0,TRUE
1529710,Симулятор Прыгания по Гаражам,23-12-2022,TRUE,FALSE,FALSE,Very Positive,80,442,0.49,0.99,50,TRUE
1530340,Incremental Epic Hero,22-02-2021,TRUE,TRUE,FALSE,Mostly Positive,72,250,0,0,0,TRUE
1545250,ECHOLOCAUTION,24-03-2021,TRUE,TRUE,FALSE,Very Positive,100,51,4.99,4.99,0,TRUE
1545600,Grapple Hoops,18-10-2021,TRUE,FALSE,FALSE,Positive,82,40,11.99,11.99,0,TRUE
1571140,东方十昊狱 ～ Hella Dazzling Hell!!,30-04-2021,TRUE,FALSE,FALSE,Very Positive,83,55,9.99,9.99,0,TRUE
1714440,Angels Cove,08-10-2021,TRUE,FALSE,FALSE,Very Positive,82,56,4.99,4.99,0,TRUE
1174860,Tacview,05-11-2019,TRUE,FALSE,FALSE,Very Positive,91,134,0,0,0,TRUE
1378990,Crash Bandicoot™ 4: It’s About Time,18-10-2022,TRUE,FALSE,FALSE,Very Positive,87,1621,20,0,0,TRUE
1714460,Starry Knight,15-12-2021,TRUE,FALSE,FALSE,Very Positive,83,92,2.99,2.99,0,TRUE
1739880,Blood And Zombies,26-07-2022,TRUE,FALSE,FALSE,Mostly Positive,70,194,7.49,14.99,50,TRUE
1825740,Fat Baby,24-12-2021,TRUE,FALSE,FALSE,Very Positive,87,79,5.99,5.99,0,TRUE
1876350,HEROish,16-12-2022,TRUE,FALSE,FALSE,Positive,96,28,19.99,19.99,0,TRUE
1941332,DCS: F/A-18C Operation Cerberus North,30-03-2022,TRUE,FALSE,FALSE,Positive,85,21,13.99,13.99,0,TRUE
1980490,Speedway Challenge 2022,08-06-2022,TRUE,FALSE,FALSE,Very Positive,88,54,9.99,9.99,0,TRUE
1983420,LoFi Hotel,04-02-2023,TRUE,FALSE,FALSE,Positive,100,28,3.99,3.99,0,TRUE
1995870,Pixel Survivors : Roguelike,30-06-2022,TRUE,FALSE,FALSE,Very Positive,80,229,2.99,2.99,0,TRUE
2157060,Project Malice,20-01-2023,TRUE,FALSE,FALSE,Positive,100,14,9.99,9.99,0,TRUE
2219200,JR EAST Train Simulator: Oito Line (Matsumoto to Minami-Otari) 211 series,15-11-2022,TRUE,FALSE,FALSE,Positive,100,12,29.99,29.99,0,TRUE
2266310,REFLEXIA Prototype ver. Original Graphics,11-01-2023,TRUE,FALSE,TRUE,Positive,100,16,2.99,2.99,0,TRUE
11280,Penguins Arena: Sedna's World,18-12-2008,TRUE,TRUE,FALSE,Very Positive,91,726,5.99,5.99,0,TRUE
35450,Red Orchestra 2: Heroes of Stalingrad with Rising Storm,13-09-2011,TRUE,FALSE,FALSE,Very Positive,93,23039,19.99,19.99,0,TRUE
65300,Dustforce DX,17-01-2012,TRUE,TRUE,TRUE,Very Positive,93,1090,9.99,9.99,0,TRUE
73041,Majesty 2: Monster Kingdom,09-03-2011,TRUE,FALSE,FALSE,Mixed,40,20,4.99,4.99,0,TRUE
205910,Tiny and Big: Grandpa's Leftovers,19-06-2012,TRUE,TRUE,TRUE,Very Positive,92,2696,9.99,9.99,0,TRUE
248170,Clickteam Fusion 2.5,05-12-2013,TRUE,FALSE,FALSE,Very Positive,90,922,99.99,99.99,0,TRUE
267772,Talisman - The Frostmarch Expansion,12-06-2014,TRUE,TRUE,FALSE,Positive,81,16,4.99,4.99,0,TRUE
270760,Realms of Arkania 3 - Shadows over Riva Classic,10-01-2014,TRUE,TRUE,TRUE,Positive,82,46,2.99,2.99,0,TRUE
274520,Darkwood,17-08-2017,TRUE,TRUE,TRUE,Very Positive,94,13243,14.99,14.99,0,TRUE
279140,Making History: The Great War,29-01-2015,TRUE,TRUE,TRUE,Mostly Positive,76,372,29.99,29.99,0,TRUE
283940,Freddi Fish and the Case of the Missing Kelp Seeds,17-04-2014,TRUE,TRUE,TRUE,Very Positive,97,418,6.99,6.99,0,TRUE
316060,NARUTO SHIPPUDEN: Ultimate Ninja STORM Revolution - DLC9 Variety Pack 3,21-10-2014,TRUE,FALSE,FALSE,Mostly Positive,71,35,0.49,1.99,75,TRUE
318520,Euro Truck Simulator 2 - Christmas Paint Jobs Pack,03-12-2014,TRUE,TRUE,TRUE,Very Positive,90,166,1.99,1.99,0,TRUE
328900,B-17 Flying Fortress: The Mighty 8th,30-10-2014,TRUE,FALSE,FALSE,Very Positive,83,71,9.99,9.99,0,TRUE
341090,On A Roll 3D,12-02-2015,TRUE,TRUE,TRUE,Very Positive,94,94,3.99,3.99,0,TRUE
358250,Cosmo's Cosmic Adventure,05-05-2014,TRUE,TRUE,FALSE,Very Positive,95,72,4.99,4.99,0,TRUE
363990,War for the Overworld - Heart of Gold Expansion,27-05-2016,TRUE,TRUE,TRUE,Mostly Positive,78,65,7.99,7.99,0,TRUE
1248432,DRAGON BALL FIGHTERZ - Gogeta (SS4),11-03-2021,TRUE,FALSE,FALSE,Very Positive,94,332,4.99,4.99,0,TRUE
513730,Hyperdimension Neptunia Re;Birth1 Deluxe Pack,24-08-2016,TRUE,FALSE,FALSE,Very Positive,97,99,9.99,9.99,0,TRUE
364810,Star Trek™: Starfleet Academy,08-05-2015,TRUE,FALSE,FALSE,Very Positive,82,102,9.99,9.99,0,TRUE
365660,OlliOlli2: Welcome to Olliwood,11-08-2015,TRUE,TRUE,TRUE,Very Positive,85,407,14.99,14.99,0,TRUE
365890,Heroes of Normandie,01-10-2015,TRUE,FALSE,FALSE,Mostly Positive,70,189,29.99,29.99,0,TRUE
400790,The Juicer,11-09-2015,TRUE,FALSE,FALSE,Very Positive,94,173,1.99,3.99,50,TRUE
412770,Boogeyman,02-11-2015,TRUE,FALSE,FALSE,Very Positive,80,508,4.99,4.99,0,TRUE
420640,Knights of Pen and Paper 2 - Here Be Dragons,14-01-2016,TRUE,TRUE,TRUE,Positive,81,38,4.99,4.99,0,TRUE
73093,Magicka: The Other Side of the Coin,19-06-2012,TRUE,FALSE,FALSE,Mixed,48,27,4.99,4.99,0,TRUE
1386611,DJMAX RESPECT V - TECHNIKA 2 PACK,23-09-2020,TRUE,FALSE,FALSE,Very Positive,90,54,19.99,19.99,0,TRUE
457760,The Signal From Tölva,10-04-2017,TRUE,TRUE,TRUE,Mostly Positive,70,734,19.99,19.99,0,TRUE
461360,Thorne - Son of Slaves (Ep.2),26-08-2016,TRUE,FALSE,FALSE,Mostly Positive,78,61,0.39,3.99,90,TRUE
479100,Music Wars Empire,01-06-2016,TRUE,FALSE,FALSE,Mixed,52,112,14.99,14.99,0,TRUE
486780,Fruit Ninja VR,15-12-2016,TRUE,FALSE,FALSE,Very Positive,80,743,14.99,14.99,0,TRUE
514090,Beautiful Japanese Scenery - Animated Jigsaws,15-09-2016,TRUE,TRUE,FALSE,Very Positive,88,201,0.99,9.99,90,TRUE
522040,Princess Remedy 2: In A Heap of Trouble,08-09-2016,TRUE,TRUE,TRUE,Very Positive,96,323,4.99,4.99,0,TRUE
538710,Dead Hungry,05-12-2016,TRUE,FALSE,FALSE,Positive,91,49,7.99,7.99,0,TRUE
541640,Disney Infinity 1.0: Gold Edition,09-12-2016,TRUE,FALSE,FALSE,Very Positive,88,232,8.99,29.99,70,TRUE
573120,Dead In Vinland,12-04-2018,TRUE,TRUE,FALSE,Very Positive,80,910,19.99,19.99,0,TRUE
583640,100% Orange Juice - Suguri & Hime Winter Costumes,31-01-2017,TRUE,FALSE,FALSE,Very Positive,97,88,0.99,0.99,0,TRUE
589760,Revhead,09-03-2017,TRUE,TRUE,TRUE,Very Positive,85,416,19.99,19.99,0,TRUE
646662,Pinball FX3 - Marvel Pinball Avengers Chronicles,26-09-2017,TRUE,FALSE,FALSE,Positive,90,10,9.99,9.99,0,TRUE
696490,TOTOBALL,11-09-2017,TRUE,FALSE,FALSE,Positive,82,40,0.27,0.99,72,TRUE
721340,Expansion - Europa Universalis IV: Cradle of Civilization,16-11-2017,TRUE,TRUE,TRUE,Mixed,64,188,19.99,19.99,0,TRUE
777670,Okinawa Rush,21-10-2021,TRUE,FALSE,FALSE,Very Positive,84,93,19.99,19.99,0,TRUE
779939,DRAGON BALL FIGHTERZ - Cooler,27-09-2018,TRUE,FALSE,FALSE,Very Positive,90,88,4.99,4.99,0,TRUE
817230,Acid Spy,08-06-2018,TRUE,FALSE,FALSE,Very Positive,90,140,5.99,5.99,0,TRUE
820900,Ceress and Orea,20-04-2018,TRUE,FALSE,FALSE,Very Positive,88,114,1.39,1.99,30,TRUE
839080,DRAW CHILLY,12-11-2019,TRUE,FALSE,FALSE,Very Positive,83,143,4.99,4.99,0,TRUE
210950,Rune Classic,13-06-2012,TRUE,FALSE,FALSE,Very Positive,90,513,9.99,9.99,0,TRUE
840260,Endless World Idle RPG,05-12-2019,TRUE,TRUE,FALSE,Mostly Positive,78,4099,0,0,0,TRUE
874460,Achtung! Cthulhu Tactics,04-10-2018,TRUE,FALSE,FALSE,Mostly Positive,70,131,24.99,24.99,0,TRUE
941955,Devil May Cry 5 - DMC3 Battle Track 3-Pack,07-03-2019,TRUE,FALSE,FALSE,Positive,94,19,1.99,1.99,0,TRUE
949250,Assault Spy - Digital Soundtrack,02-10-2018,FALSE,FALSE,FALSE,Positive,100,10,3.99,3.99,0,TRUE
961990,Photo & Graphic Designer 16 Steam Edition,11-11-2018,TRUE,FALSE,FALSE,Mostly Positive,78,19,59.99,59.99,0,TRUE
978630,Juro Janosik,25-10-2021,TRUE,TRUE,TRUE,Very Positive,94,56,10.99,10.99,0,TRUE
1039100,No Place for Bravery,22-09-2022,TRUE,FALSE,FALSE,Mixed,62,69,19.99,19.99,0,TRUE
1052690,theHunter: Call of the Wild™ - Trophy Lodge Spring Creek Manor,11-04-2019,TRUE,FALSE,FALSE,Mixed,69,279,1.59,3.99,60,TRUE
1099460,The Forgotten Land,16-06-2020,TRUE,FALSE,FALSE,Mostly Positive,72,48,1.49,14.99,90,TRUE
1166600,The Fog Knows Your Name,24-10-2019,TRUE,TRUE,TRUE,Very Positive,88,59,6.99,6.99,0,TRUE
1168430,Dairy Princess,29-11-2019,TRUE,FALSE,FALSE,Very Positive,89,65,6.99,6.99,0,TRUE
1169100,Gazillionaire,14-01-2020,TRUE,TRUE,FALSE,Very Positive,92,157,19.99,19.99,0,TRUE
1178790,Shiren the Wanderer: The Tower of Fortune and the Dice of Fate,02-12-2020,TRUE,FALSE,FALSE,Mostly Positive,78,567,9.99,19.99,50,TRUE
1188080,Cats are Liquid - A Better Place,14-12-2019,TRUE,TRUE,TRUE,Very Positive,94,169,1.99,1.99,0,TRUE
1209530,F1® 2020: Seventy Edition DLC,09-07-2020,TRUE,FALSE,FALSE,Mostly Positive,75,37,4.99,4.99,0,TRUE
1213910,Puzzle Battler! Mirai,20-04-2022,TRUE,FALSE,FALSE,Positive,91,12,6.99,6.99,0,TRUE
1270670,Touhou Double Focus,25-05-2021,TRUE,FALSE,FALSE,Mostly Positive,72,69,10.99,10.99,0,TRUE
1288560,My Dear Prince,30-04-2021,TRUE,FALSE,TRUE,Positive,84,19,9.99,9.99,0,TRUE
285820,Action Henk,11-05-2015,TRUE,TRUE,TRUE,Very Positive,92,274,14.99,14.99,0,TRUE
1291010,Warpips,21-04-2022,TRUE,FALSE,FALSE,Very Positive,89,2862,16.99,16.99,0,TRUE
1300600,Blind Drive,10-03-2021,TRUE,TRUE,FALSE,Very Positive,96,187,9.99,9.99,0,TRUE
1347751,PAYDAY 2: Weapon Color Pack 2,30-06-2020,TRUE,FALSE,TRUE,Very Positive,93,100,2.99,2.99,0,TRUE
1365750,东方栖霞园 ~ Blue devil in the Belvedere.,21-05-2021,TRUE,FALSE,FALSE,Very Positive,92,240,9.99,9.99,0,TRUE
1453490,Deducto,10-02-2022,TRUE,FALSE,FALSE,Very Positive,89,2531,0,0,0,TRUE
1458690,Mango,23-11-2021,TRUE,TRUE,TRUE,Very Positive,93,65,4.99,9.99,50,TRUE
1461930,Robotry!,26-10-2022,TRUE,TRUE,FALSE,Positive,100,11,8.11,12.49,35,TRUE
1503030,Street Fighter V - Capcom Pro Tour: 2021 Premier Pass,17-03-2021,TRUE,FALSE,FALSE,Positive,90,10,9.99,19.99,50,TRUE
1503590,Range is HOT!,09-03-2021,TRUE,FALSE,FALSE,Mostly Positive,75,29,29.99,29.99,0,TRUE
1511090,Great Paintings VR,14-01-2021,TRUE,FALSE,FALSE,Very Positive,92,83,0,0,0,TRUE
1590712,Insurgency: Sandstorm - True Grit Weapon Skin Set,18-05-2021,TRUE,FALSE,FALSE,Mostly Positive,75,33,2.99,2.99,0,TRUE
1608040,Castle Morihisa,10-02-2022,TRUE,FALSE,FALSE,Mixed,67,296,14.99,14.99,0,TRUE
1662010,Project Absentia,29-07-2022,TRUE,FALSE,FALSE,Positive,100,16,14.99,14.99,0,TRUE
1728830,Space Docker VR,15-12-2021,TRUE,FALSE,FALSE,Very Positive,97,67,14.99,14.99,0,TRUE
1835840,Quarantineer,27-12-2021,TRUE,TRUE,FALSE,Very Positive,80,322,9.99,9.99,0,TRUE
1888130,ALAN-13 Reformation,11-05-2022,TRUE,FALSE,FALSE,Positive,85,20,15.99,15.99,0,TRUE
1906020,Drums Rock,02-06-2022,TRUE,FALSE,FALSE,Very Positive,95,133,19.99,19.99,0,TRUE
1939790,Paper Bride 3 Unresolved Love,28-09-2022,TRUE,FALSE,FALSE,Very Positive,92,472,9.99,9.99,0,TRUE
2001090,Lay a Beauty to Rest: A Butterfly Dream,22-07-2022,TRUE,FALSE,FALSE,Very Positive,96,190,2.59,3.99,35,TRUE
2095140,Locked in my darkness,09-12-2022,TRUE,FALSE,TRUE,Mostly Positive,76,13,5.99,5.99,0,TRUE
2158240,The Trench,12-10-2022,TRUE,FALSE,FALSE,Very Positive,90,55,3.99,3.99,0,TRUE
2158850,Spooky Halloween in the Voxel World,31-10-2022,TRUE,TRUE,TRUE,Positive,100,10,2.79,7.99,65,TRUE
2180310,Basement of Hellish,02-12-2022,TRUE,FALSE,FALSE,Positive,92,14,0.99,0.99,0,TRUE
2185770,Aonatsu Line,02-12-2022,TRUE,FALSE,FALSE,Very Positive,95,341,34.99,34.99,0,TRUE
2187660,Soccer Clubs,19-12-2022,TRUE,FALSE,FALSE,Mixed,64,94,0,0,0,TRUE
6810,Commandos: Beyond the Call of Duty,15-03-2007,TRUE,FALSE,FALSE,Very Positive,88,750,4.99,4.99,0,TRUE
7020,Rogue Trooper,29-03-2007,TRUE,FALSE,FALSE,Very Positive,93,366,9.99,9.99,0,TRUE
208730,Game of Thrones,07-06-2012,TRUE,FALSE,FALSE,Mostly Positive,72,1276,14.99,14.99,0,TRUE
259510,Shufflepuck Cantina Deluxe,06-12-2013,TRUE,TRUE,TRUE,Very Positive,88,212,9.99,9.99,0,TRUE
271900,Hexcells Plus,19-02-2014,TRUE,TRUE,TRUE,Overwhelmingly Positive,95,1809,2.99,2.99,0,TRUE
681240,Dujanah,19-09-2017,TRUE,FALSE,FALSE,Very Positive,90,183,6.99,6.99,0,TRUE
592830,Ride 2 Free Bikes Pack 6,18-04-2017,TRUE,FALSE,FALSE,Positive,90,10,0,0,0,TRUE
314470,Heroes of a Broken Land,07-08-2014,TRUE,TRUE,TRUE,Very Positive,86,159,14.99,14.99,0,TRUE
322660,The Binding of Isaac: Rebirth - Soundtrack,10-11-2014,FALSE,FALSE,FALSE,Very Positive,91,237,10.99,10.99,0,TRUE
338390,The Technomancer,28-06-2016,TRUE,FALSE,FALSE,Mixed,68,1921,9.99,9.99,0,TRUE
343710,Kholat,09-06-2015,TRUE,FALSE,FALSE,Mixed,67,1822,19.99,19.99,0,TRUE
345580,Universal Combat CE,06-02-2015,TRUE,FALSE,FALSE,Mostly Positive,76,21,9.99,9.99,0,TRUE
348360,Doodle God,24-09-2015,TRUE,TRUE,TRUE,Mostly Positive,79,693,14.99,14.99,0,TRUE
355050,Sky Force Anniversary,29-04-2015,TRUE,TRUE,TRUE,Very Positive,92,1803,9.99,9.99,0,TRUE
355420,FLAMBERGE,25-03-2015,TRUE,TRUE,FALSE,Very Positive,81,108,9.99,9.99,0,TRUE
368430,Through the Woods,27-10-2016,TRUE,FALSE,FALSE,Mostly Positive,71,990,19.99,19.99,0,TRUE
372800,RPG MO,18-08-2015,TRUE,TRUE,TRUE,Mostly Positive,78,2713,0,0,0,TRUE
374280,Hired Ops,13-04-2021,TRUE,FALSE,FALSE,Mixed,66,13176,0,0,0,TRUE
378648,The Witcher 3: Wild Hunt - Blood and Wine,30-05-2016,TRUE,FALSE,FALSE,Overwhelmingly Positive,96,7923,19.99,19.99,0,TRUE
381712,Resident Evil 0 Costume Pack 3,19-01-2016,TRUE,FALSE,FALSE,Positive,80,45,2.99,2.99,0,TRUE
387984,Awesomenauts - 8-Bit Yoolip Skin,27-04-2016,TRUE,TRUE,TRUE,Positive,100,13,7.99,7.99,0,TRUE
391030,Hard to Be a God,24-08-2015,TRUE,FALSE,FALSE,Very Positive,86,81,7.99,7.99,0,TRUE
398915,Armello - Seasons Board Skins Pack,18-11-2016,TRUE,TRUE,TRUE,Positive,85,48,3.49,4.99,30,TRUE
570930,Redout - Soundtrack,21-12-2016,FALSE,FALSE,FALSE,Positive,100,30,4.99,4.99,0,TRUE
431640,Doodle Kingdom,09-06-2016,TRUE,TRUE,TRUE,Mixed,45,104,8.99,8.99,0,TRUE
433910,Neon Drive,12-05-2016,TRUE,TRUE,TRUE,Very Positive,87,1537,9.99,9.99,0,TRUE
440540,Ara Fell: Enhanced Edition,02-06-2016,TRUE,TRUE,TRUE,Overwhelmingly Positive,95,1359,5.99,14.99,60,TRUE
464360,3030 Deathwar Redux - A Space Odyssey,13-09-2017,TRUE,FALSE,FALSE,Very Positive,94,968,14.99,14.99,0,TRUE
1199660,The Answer Is 42,12-12-2019,TRUE,TRUE,FALSE,Very Positive,95,110,0.69,0.99,30,TRUE
533950,Don't open the doors!,11-11-2016,TRUE,TRUE,FALSE,Very Positive,85,241,2.19,10.99,80,TRUE
544600,Delicious - Emily's Christmas Carol,04-11-2016,TRUE,FALSE,FALSE,Very Positive,88,153,12.99,12.99,0,TRUE
565120,The Station,19-02-2018,TRUE,TRUE,TRUE,Very Positive,86,807,14.99,14.99,0,TRUE
572720,Nancy Drew®: The Shattered Medallion,06-03-2017,TRUE,FALSE,FALSE,Mixed,54,57,19.99,19.99,0,TRUE
584930,Conductor,02-05-2017,TRUE,FALSE,FALSE,Very Positive,94,239,9.99,9.99,0,TRUE
655790,Fly Simulator,16-07-2017,TRUE,FALSE,FALSE,Mixed,64,604,1.99,1.99,0,TRUE
671600,Ashes of Oahu,29-08-2019,TRUE,FALSE,FALSE,Mixed,55,29,19.99,19.99,0,TRUE
698890,Crypt of the NecroDancer: AMPLIFIED OST - Chipzel,22-08-2017,FALSE,FALSE,FALSE,Positive,100,11,3.99,3.99,0,TRUE
724330,Age of Grit,03-05-2022,TRUE,TRUE,TRUE,Mostly Positive,72,33,14.99,14.99,0,TRUE
736770,Motorsport Manager - Endurance Series,01-11-2017,TRUE,TRUE,TRUE,Mixed,66,30,7.99,7.99,0,TRUE
742500,Nonogram - Master's Legacy,08-11-2018,TRUE,FALSE,FALSE,Very Positive,84,335,0,0,0,TRUE
786820,SOK MAX,12-02-2018,TRUE,FALSE,FALSE,Very Positive,90,52,0.99,0.99,0,TRUE
808080,Ultimate Racing 2D,24-05-2018,TRUE,TRUE,TRUE,Very Positive,89,439,4.99,4.99,0,TRUE
998930,Seek Girl,14-03-2019,TRUE,FALSE,FALSE,Mostly Positive,79,4653,0,0,0,TRUE
1003310,Two Point Hospital: Pebberley Island,18-03-2019,TRUE,TRUE,TRUE,Mostly Positive,70,77,8.99,8.99,0,TRUE
1045190,Naval Action - L'Hermione,05-04-2019,TRUE,FALSE,FALSE,Mixed,56,30,29.99,29.99,0,TRUE
1065100,Golden Treasure: The Great Green,17-06-2019,TRUE,TRUE,FALSE,Very Positive,96,379,19.99,19.99,0,TRUE
1120810,Eastern Exorcist,07-07-2021,TRUE,FALSE,FALSE,Very Positive,85,5659,17.99,17.99,0,TRUE
1148510,Pretty Angel,13-12-2019,TRUE,TRUE,FALSE,Very Positive,92,3092,0.69,0.99,30,TRUE
1161410,Noita Official Soundtrack,24-09-2019,FALSE,FALSE,FALSE,Positive,96,31,9.99,9.99,0,TRUE
1178230,The Wild Case,06-04-2021,TRUE,TRUE,TRUE,Very Positive,86,137,8.99,8.99,0,TRUE
1192380,TOTALLY BASEBALL,07-07-2021,TRUE,FALSE,FALSE,Very Positive,93,113,14.99,14.99,0,TRUE
1286710,Hylics 2,22-06-2020,TRUE,TRUE,FALSE,Overwhelmingly Positive,96,1660,14.99,14.99,0,TRUE
1289211,Yakuza: Like a Dragon Legends Costume Set,10-11-2020,TRUE,FALSE,FALSE,Very Positive,91,148,4.99,4.99,0,TRUE
1290270,Vampire: The Masquerade — Night Road,24-09-2020,TRUE,TRUE,TRUE,Very Positive,90,485,11.99,11.99,0,TRUE
1295510,DRAGON QUEST® XI S: Echoes of an Elusive Age™ - Definitive Edition,04-12-2020,TRUE,FALSE,FALSE,Very Positive,94,5681,39.99,39.99,0,TRUE
1298080,Almost My Floor,06-08-2021,TRUE,TRUE,TRUE,Very Positive,89,129,9.99,9.99,0,TRUE
1304420,Super Cable Boy,20-11-2020,TRUE,FALSE,FALSE,Very Positive,98,68,14.99,14.99,0,TRUE
226960,Ironclad Tactics,18-09-2013,TRUE,TRUE,TRUE,Mostly Positive,75,223,14.99,14.99,0,TRUE
1341210,Afterinfection,02-02-2022,TRUE,FALSE,FALSE,Mixed,67,313,4.49,8.99,50,TRUE
1395850,Home and Dungeon,02-10-2020,TRUE,FALSE,FALSE,Very Positive,88,245,16.99,16.99,0,TRUE
1406200,In My Shadow,08-04-2021,TRUE,FALSE,FALSE,Positive,84,39,9.99,9.99,0,TRUE
1423760,War Thunder - French Starter Pack,16-09-2020,TRUE,TRUE,TRUE,Mixed,61,70,9.99,9.99,0,TRUE
1446280,Alice in Wonderland - a jigsaw puzzle tale,18-11-2020,TRUE,TRUE,FALSE,Positive,100,41,3.99,3.99,0,TRUE
1449510,Henchman Story,14-10-2021,TRUE,TRUE,TRUE,Very Positive,97,169,14.99,14.99,0,TRUE
1452500,The Good Life,15-10-2021,TRUE,FALSE,FALSE,Very Positive,80,120,29.99,29.99,0,TRUE
1469170,Commandos 3 - HD Remaster,30-08-2022,TRUE,FALSE,FALSE,Mixed,58,143,19.99,19.99,0,TRUE
1493760,Youtubers Life 2,19-10-2021,TRUE,TRUE,FALSE,Mostly Positive,73,1449,29.99,29.99,0,TRUE
273840,Stock Car Extreme,11-02-2015,TRUE,FALSE,FALSE,Very Positive,83,386,14.99,14.99,0,TRUE
1511630,TrackDayR,17-03-2021,TRUE,FALSE,FALSE,Very Positive,80,244,24.99,24.99,0,TRUE
1515320,Harvest Days: My Dream Farm,12-05-2022,TRUE,FALSE,FALSE,Mixed,69,76,14.99,14.99,0,TRUE
1546930,Angry Angry Shark,01-01-2022,TRUE,FALSE,FALSE,Very Positive,84,250,0,0,0,TRUE
237010,Sanctum 2: Britech Skin Pack,07-08-2013,TRUE,TRUE,TRUE,Mixed,60,25,4.99,4.99,0,TRUE
515171,Iron Sea - Lost Land,06-10-2016,TRUE,FALSE,FALSE,Negative,10,10,2.99,2.99,0,TRUE
1454970,New Tales from the Borderlands,20-10-2022,TRUE,FALSE,FALSE,Mixed,42,486,25,0,0,TRUE
1557860,Gear.Club Unlimited 2 - Ultimate Edition,07-12-2021,TRUE,FALSE,FALSE,Mostly Positive,70,67,34.99,34.99,0,TRUE
1557990,Retail Royale,29-04-2022,TRUE,FALSE,FALSE,Mostly Positive,78,3150,0,0,0,TRUE
1576130,IdolDays,05-08-2021,TRUE,FALSE,FALSE,Very Positive,86,104,12.99,12.99,0,TRUE
1589680,Torii,17-11-2022,TRUE,FALSE,FALSE,Positive,90,11,14.99,14.99,0,TRUE
1599484,Predator: Hunting Grounds - City Hunter Predator DLC Pack,29-04-2021,TRUE,FALSE,FALSE,Positive,85,14,4.99,4.99,0,TRUE
1630110,Gungrave G.O.R.E,22-11-2022,TRUE,FALSE,FALSE,Mixed,63,184,49.99,49.99,0,TRUE
1632740,Fisher Online - USA/Canada: Ontario,12-05-2021,TRUE,FALSE,FALSE,Mostly Positive,71,28,6.99,6.99,0,TRUE
1647960,Hell Let Loose – Silver Vanguard,27-07-2021,TRUE,FALSE,FALSE,Very Positive,87,148,4.99,4.99,0,TRUE
1664670,Refactor,28-03-2022,TRUE,TRUE,FALSE,Very Positive,88,365,4.99,4.99,0,TRUE
1666170,Vacancy Unlimited,06-04-2022,TRUE,FALSE,TRUE,Positive,87,24,2.99,2.99,0,TRUE
1688120,Order of Battle: Allies Resurgent,07-10-2021,TRUE,FALSE,FALSE,Mixed,43,16,14.99,14.99,0,TRUE
1707790,Dorfs: Hammers for Hire,21-06-2022,TRUE,FALSE,FALSE,Positive,100,10,9.99,9.99,0,TRUE
1744080,DRAGON BALL XENOVERSE 2 - Legendary Pack 2,05-11-2021,TRUE,FALSE,FALSE,Very Positive,81,69,4.99,9.99,50,TRUE
1762770,Happy Game Soundtrack + Art Book,28-10-2021,FALSE,FALSE,FALSE,Positive,90,11,6.99,6.99,0,TRUE
1782150,OVERLORD: ESCAPE FROM NAZARICK,15-06-2022,TRUE,FALSE,FALSE,Mixed,64,384,19.49,29.99,35,TRUE
1092400,月球坠落时 Moon Fall,16-01-2021,TRUE,FALSE,FALSE,Very Positive,90,640,14.99,14.99,0,TRUE
1823600,Power & Revolution 2022 Edition,07-04-2022,TRUE,TRUE,FALSE,Mixed,61,518,49.99,49.99,0,TRUE
1866710,Draft Day Sports: College Football 2022,15-02-2022,TRUE,FALSE,FALSE,Mixed,41,12,24.99,24.99,0,TRUE
1907080,PAYDAY 2: Golden Dagger Tailor Pack,09-03-2022,TRUE,FALSE,TRUE,Very Positive,92,52,2.99,2.99,0,TRUE
1910320,TAPE: Unveil the Memories,13-04-2022,TRUE,FALSE,FALSE,Positive,97,36,19.99,19.99,0,TRUE
1915550,Nemesis: Lockdown,31-05-2022,TRUE,FALSE,FALSE,Mostly Positive,77,355,24.99,24.99,0,TRUE
1937750,Prime of Flames,14-12-2022,TRUE,TRUE,FALSE,Very Positive,89,673,9.99,9.99,0,TRUE
1986940,Forward Defense,01-06-2022,TRUE,FALSE,FALSE,Mostly Positive,70,10,6.99,6.99,0,TRUE
2106810,The Forest of Drizzling Rain,16-11-2022,TRUE,TRUE,FALSE,Very Positive,98,96,12.79,15.99,20,TRUE
